id,name,abbr,state_public,industry,area,capital_registered(billion),date_IPO,price_IPO,shares_notcurrent,shares_limited,shares_current,date_created,date_updated
sh600000,浦发银行,pfyx,1,银行,上海,216,1999-11-10,29.50,0,109946.14,2051881.86,2016-12-14,2016-12-14
sh600001,--,--,0,--,河北,28.2,0,8.00,0,0,281645.66,2016-12-14,2016-12-14
sh600002,--,--,0,--,山东,19.5,0,5.47,160000.00,0,34975.60,2016-12-14,2016-12-14
sh600003,--,--,0,--,吉林,12.1,0,5.35,0,35416.36,85903.64,2016-12-14,2016-12-14
sh600004,白云机场,byjc,1,民航机场,广东,11.5,2003-04-28,7.72,0,0,115002.61,2016-12-14,2016-12-14
sh600005,武钢股份,wggf,1,钢铁行业,湖北,101,1999-08-03,4.89,0,0,1009377.98,2016-12-14,2016-12-14
sh600006,东风汽车,dfqc,1,汽车行业,湖北,20.0,1999-07-27,7.27,0,0,200000.00,2016-12-14,2016-12-14
sh600007,中国国贸,zggm,1,房地产,北京,10.1,1999-03-12,6.00,0,0,100728.25,2016-12-14,2016-12-14
sh600008,首创股份,scgf,1,公用事业,北京,48.2,2000-04-27,18.00,0,0,482061.41,2016-12-14,2016-12-14
sh600009,上海机场,shjc,1,民航机场,上海,19.3,1998-02-18,10.00,0,83348.21,109347.64,2016-12-14,2016-12-14
sh600010,包钢股份,bggf,1,钢铁行业,内蒙古,326,2001-03-09,6.80,0,1681871.34,1574202.42,2016-12-14,2016-12-14
sh600011,华能国际,hngj,1,电力行业,北京,152,2001-12-06,13.30,0,0,1520038.34,2016-12-14,2016-12-14
sh600012,皖通高速,wtgs,1,高速公路,安徽,16.6,2003-01-07,4.20,0,0,165861.00,2016-12-14,2016-12-14
sh600015,华夏银行,hxyx,1,银行,北京,107,2003-09-12,7.48,0,0,1068557.22,2016-12-14,2016-12-14
sh600016,民生银行,msyx,1,银行,北京,365,2000-12-19,20.00,0,0,3648534.88,2016-12-14,2016-12-14
sh600017,日照港,rzg,1,港口水运,山东,30.8,2006-10-17,6.32,0,0,307565.39,2016-12-14,2016-12-14
sh600018,上港集团,sgjt,1,港口水运,上海,232,2006-10-26,3.67,0,41849.50,2275517.97,2016-12-14,2016-12-14
sh600019,宝钢股份,bggf,1,钢铁行业,上海,165,2000-12-12,4.96,0,2611.48,1642427.88,2016-12-14,2016-12-14
sh600020,中原高速,zygs,1,高速公路,河南,22.5,2003-08-08,8.00,0,0,224737.18,2016-12-14,2016-12-14
sh600021,上海电力,shdl,1,电力行业,上海,21.4,2003-10-29,8.51,0,0,213973.93,2016-12-14,2016-12-14
sh600022,山东钢铁,sdgt,1,钢铁行业,山东,84.2,2004-06-29,6.36,0,19841.27,822201.01,2016-12-14,2016-12-14
sh600023,浙能电力,zndl,1,电力行业,浙江,136,2013-12-19,8.50,0,1061309.03,298759.97,2016-12-14,2016-12-14
sh600026,中远海能,zyhn,1,港口水运,上海,40.3,2002-05-23,4.53,0,0,403203.29,2016-12-14,2016-12-14
sh600027,华电国际,hdgj,1,电力行业,山东,98.6,2005-02-03,3.70,0,136113.74,850183.93,2016-12-14,2016-12-14
sh600028,中国石化,zgsh,1,石油行业,北京,1211,2001-08-08,4.60,0,0,12107120.96,2016-12-14,2016-12-14
sh600029,南方航空,nfhk,1,民航机场,广东,98.2,2003-07-25,3.91,0,0,981756.70,2016-12-14,2016-12-14
sh600030,中信证券,zxzq,1,券商信托,广东,121,2003-01-06,5.53,0,2391.90,1209298.94,2016-12-14,2016-12-14
sh600031,三一重工,syzg,1,机械行业,北京,76.1,2003-07-03,23.00,0,1714.07,759372.04,2016-12-14,2016-12-14
sh600033,福建高速,fjgs,1,高速公路,福建,27.4,2001-02-09,8.78,0,0,274440.00,2016-12-14,2016-12-14
sh600035,楚天高速,ctgs,1,高速公路,湖北,14.5,2004-03-10,6.18,0,0,145337.79,2016-12-14,2016-12-14
sh600036,招商银行,zsyx,1,银行,广东,252,2002-04-09,10.51,0,0,2521984.56,2016-12-14,2016-12-14
sh600037,歌华有线,ghyx,1,文化传媒,北京,13.9,2001-02-08,32.00,0,22342.59,116835.20,2016-12-14,2016-12-14
sh600038,中直股份,zzgf,1,航天航空,黑龙江,5.89,2000-12-18,18.80,0,0,58947.67,2016-12-14,2016-12-14
sh600039,四川路桥,sclq,1,工程建设,四川,30.2,2003-03-25,8.98,0,0,301973.27,2016-12-14,2016-12-14
sh600048,保利地产,bldc,1,房地产,广东,119,2006-07-31,19.89,0,109890.12,1075891.09,2016-12-14,2016-12-14
sh600050,中国联通,zglt,1,电信运营,上海,212,2002-10-09,3.05,0,0,2119659.64,2016-12-14,2016-12-14
sh600051,宁波联合,nblh,1,综合行业,浙江,3.11,1997-04-10,32.00,0,508.80,30579.20,2016-12-14,2016-12-14
sh600052,浙江广厦,zjgs,1,房地产,浙江,8.72,1997-04-15,17.00,0,0,87178.91,2016-12-14,2016-12-14
sh600053,九鼎投资,jdtz,1,多元金融,江西,4.34,1997-04-18,13.52,0,0,43354.08,2016-12-14,2016-12-14
sh600054,黄山旅游,hsly,1,旅游酒店,安徽,7.47,1997-05-06,20.88,0,29659.50,45070.50,2016-12-14,2016-12-14
sh600055,万东医疗,wdyl,1,医疗行业,北京,3.86,1997-05-19,24.80,0,3997.73,34632.00,2016-12-14,2016-12-14
sh600056,中国医药,zgyy,1,医药行业,北京,10.7,1997-05-15,20.00,0,5634.95,101213.61,2016-12-14,2016-12-14
sh600057,象屿股份,xygf,1,交运物流,福建,11.7,1997-06-04,19.01,0,18745.22,98332.72,2016-12-14,2016-12-14
sh600058,五矿发展,wkfz,1,国际贸易,北京,10.7,1997-05-28,18.80,0,0,107191.07,2016-12-14,2016-12-14
sh600059,古越龙山,gyls,1,酿酒行业,浙江,8.09,1997-05-16,25.00,0,0,80852.42,2016-12-14,2016-12-14
sh600060,海信电器,hxdq,1,家电行业,山东,13.1,1997-04-22,15.50,0,0,130848.12,2016-12-14,2016-12-14
sh600061,国投安信,gtax,1,券商信托,上海,36.9,1997-05-19,16.80,0,173178.67,196236.50,2016-12-14,2016-12-14
sh600062,华润双鹤,hrsh,1,医药行业,北京,7.24,1997-05-22,12.00,0,15277.47,57169.59,2016-12-14,2016-12-14
sh600063,皖维高新,wwgx,1,化工行业,安徽,16.5,1997-05-28,13.20,0,12578.14,152011.33,2016-12-14,2016-12-14
sh600064,南京高科,njgk,1,房地产,江苏,7.72,1997-05-06,25.00,0,0,77247.31,2016-12-14,2016-12-14
sh600065,--,--,0,--,黑龙江,2.38,0,21.01,0,14500.95,9300.00,2016-12-14,2016-12-14
sh600066,宇通客车,ytkc,1,汽车行业,河南,22.1,1997-05-08,30.00,0,31045.50,190348.42,2016-12-14,2016-12-14
sh600067,冠城大通,gcdt,1,房地产,福建,14.9,1997-05-08,16.50,0,0,149211.07,2016-12-14,2016-12-14
sh600068,葛洲坝,gzb,1,工程建设,湖北,46.0,1997-05-26,14.01,0,45620.11,414857.63,2016-12-14,2016-12-14
sh600069,银鸽投资,ygtz,1,造纸印刷,河南,12.5,1997-04-30,16.00,0,42372.88,82537.41,2016-12-14,2016-12-14
sh600070,浙江富润,zjfr,1,纺织服装,浙江,3.57,1997-06-04,18.50,0,0,35661.31,2016-12-14,2016-12-14
sh600071,凤凰光学,fhgx,1,文教休闲,江西,2.37,1997-05-28,16.00,0,0,23747.25,2016-12-14,2016-12-14
sh600072,钢构工程,gggc,1,船舶制造,上海,7.36,1997-06-03,16.00,0,25782.03,47842.96,2016-12-14,2016-12-14
sh600073,上海梅林,shml,1,食品行业,上海,9.38,1997-07-04,6.66,0,0,93772.95,2016-12-14,2016-12-14
sh600074,保千里,bql,1,安防设备,江苏,24.4,1997-06-23,13.11,0,154119.48,89669.13,2016-12-14,2016-12-14
sh600075,新疆天业,xjty,1,综合行业,新疆,6.95,1997-06-17,16.18,0,25606.68,43859.20,2016-12-14,2016-12-14
sh600076,康欣新材,kxxc,1,木业家具,山东,10.3,1997-05-26,20.28,0,28188.95,75237.46,2016-12-14,2016-12-14
sh600077,宋都股份,sdgf,1,房地产,浙江,13.4,1997-05-20,15.00,0,0,134012.23,2016-12-14,2016-12-14
sh600078,澄星股份,cxgf,1,化肥行业,江苏,6.63,1997-06-27,12.88,0,0,66257.29,2016-12-14,2016-12-14
sh600079,人福医药,rfyy,1,医药行业,湖北,12.9,1997-06-06,16.51,0,22849.46,105755.44,2016-12-14,2016-12-14
sh600080,金花股份,jhgf,1,医药行业,陕西,3.05,1997-06-12,13.53,0,0,30529.59,2016-12-14,2016-12-14
sh600081,东风科技,dfkj,1,汽车行业,上海,3.14,1997-07-03,15.96,0,0,31356.00,2016-12-14,2016-12-14
sh600082,海泰发展,htfz,1,房地产,天津,6.46,1997-06-20,10.20,0,1369.10,63242.48,2016-12-14,2016-12-14
sh600083,博信股份,bxgf,1,工程建设,广东,2.30,1997-06-06,14.00,0,307.72,22692.28,2016-12-14,2016-12-14
sh600084,中葡股份,zpgf,1,酿酒行业,新疆,11.2,1997-07-11,13.28,0,12552.30,99820.38,2016-12-14,2016-12-14
sh600085,同仁堂,trt,1,医药行业,北京,13.7,1997-06-25,17.00,0,0,137147.03,2016-12-14,2016-12-14
sh600086,东方金钰,dfjy,1,珠宝首饰,湖北,13.5,1997-06-06,16.00,0,29315.50,105684.50,2016-12-14,2016-12-14
sh600087,--,--,0,港口水运,江苏,50.2,0,12.18,0,0,502340.00,2016-12-14,2016-12-14
sh600088,中视传媒,zscm,1,文化传媒,上海,3.31,1997-06-16,20.10,0,0,33142.20,2016-12-14,2016-12-14
sh600089,特变电工,tbdg,1,输配电气,新疆,32.4,1997-06-18,11.50,0,4430.21,319917.88,2016-12-14,2016-12-14
sh600090,同济堂,tjt,1,医疗行业,新疆,14.4,1997-06-16,10.98,0,107174.63,36791.66,2016-12-14,2016-12-14
sh600091,ST明科,STmk,1,化工行业,内蒙古,4.37,1997-07-04,8.18,0,10088.65,33652.60,2016-12-14,2016-12-14
sh600092,--,--,0,--,陕西,2.61,0,8.00,12809.70,0,13309.92,2016-12-14,2016-12-14
sh600093,禾嘉股份,hjgf,1,交运物流,四川,11.2,1997-06-26,15.00,0,80000.00,32244.75,2016-12-14,2016-12-14
sh600094,大名城,dmc,1,房地产,上海,24.8,1997-07-03,13.10,0,46376.81,201155.69,2016-12-14,2016-12-14
sh600095,哈高科,hgk,1,房地产,黑龙江,3.61,1997-07-08,10.00,0,0,36126.36,2016-12-14,2016-12-14
sh600096,云天化,yth,1,化肥行业,云南,13.2,1997-07-09,8.58,0,19924.91,112213.01,2016-12-14,2016-12-14
sh600097,开创国际,kcgj,1,农牧饲渔,上海,2.03,1997-06-19,15.38,0,0,20259.79,2016-12-14,2016-12-14
sh600098,广州发展,gzfz,1,电力行业,广东,27.3,1997-07-18,15.80,0,0,272619.66,2016-12-14,2016-12-14
sh600099,林海股份,lhgf,1,交运设备,江苏,2.19,1997-07-04,11.80,0,0,21912.00,2016-12-14,2016-12-14
sh600100,同方股份,tfgf,1,电子信息,北京,29.6,1997-06-27,27.28,0,76601.67,219788.22,2016-12-14,2016-12-14
sh600101,明星电力,mxdl,1,电力行业,四川,3.24,1997-06-27,25.00,0,0,32417.90,2016-12-14,2016-12-14
sh600102,--,--,0,钢铁行业,山东,9.22,0,11.00,0,0,92227.31,2016-12-14,2016-12-14
sh600103,青山纸业,qszy,1,造纸印刷,福建,17.7,1997-07-03,8.18,0,71186.44,106184.16,2016-12-14,2016-12-14
sh600104,上汽集团,sqjt,1,汽车行业,上海,110,1997-11-25,13.50,0,0,1102556.66,2016-12-14,2016-12-14
sh600105,永鼎股份,ydgf,1,通讯行业,江苏,9.45,1997-09-29,13.13,0,18308.38,76190.93,2016-12-14,2016-12-14
sh600106,重庆路桥,zqlq,1,高速公路,重庆,9.08,1997-06-18,13.20,0,0,90774.20,2016-12-14,2016-12-14
sh600107,美尔雅,mey,1,纺织服装,湖北,3.60,1997-11-06,19.50,0,0,36000.00,2016-12-14,2016-12-14
sh600108,亚盛集团,ysjt,1,农牧饲渔,甘肃,19.5,1997-08-18,9.50,0,0,194691.51,2016-12-14,2016-12-14
sh600109,国金证券,gjzq,1,券商信托,四川,30.2,1997-08-07,9.80,0,0,302435.93,2016-12-14,2016-12-14
sh600110,诺德股份,ndgf,1,材料行业,吉林,11.5,1997-10-07,12.28,0,0,115031.21,2016-12-14,2016-12-14
sh600111,北方稀土,bfxt,1,有色金属,内蒙古,36.3,1997-09-24,7.38,0,0,363306.60,2016-12-14,2016-12-14
sh600112,天成控股,tckg,1,输配电气,贵州,5.09,1997-11-27,8.00,0,0,50920.48,2016-12-14,2016-12-14
sh600113,浙江东日,zjdr,1,房地产,浙江,3.19,1997-10-21,10.90,0,0,31860.00,2016-12-14,2016-12-14
sh600114,东睦股份,dmgf,1,金属制品,浙江,4.25,2004-05-11,14.80,0,4421.21,38113.55,2016-12-14,2016-12-14
sh600115,东方航空,dfhk,1,民航机场,上海,145,1997-11-05,7.41,0,132740.68,1314017.89,2016-12-14,2016-12-14
sh600116,三峡水利,sxsl,1,电力行业,重庆,9.93,1997-08-04,14.58,0,10500.00,88800.55,2016-12-14,2016-12-14
sh600117,西宁特钢,xntg,1,钢铁行业,青海,10.5,1997-10-15,8.00,0,30389.90,74121.93,2016-12-14,2016-12-14
sh600118,中国卫星,zgwx,1,航天航空,北京,11.8,1997-09-08,12.07,0,0,118248.91,2016-12-14,2016-12-14
sh600119,长江投资,zjtz,1,交运物流,上海,3.07,1998-01-15,12.98,0,0,30740.00,2016-12-14,2016-12-14
sh600120,浙江东方,zjdf,1,国际贸易,浙江,5.05,1997-12-01,23.81,0,0,50547.35,2016-12-14,2016-12-14
sh600121,郑州煤电,zzmd,1,煤炭采选,河南,10.2,1998-01-07,10.95,0,0,101534.34,2016-12-14,2016-12-14
sh600122,宏图高科,htgk,1,商业百货,江苏,11.5,1998-04-20,28.00,0,300.63,114696.71,2016-12-14,2016-12-14
sh600123,兰花科创,lhkc,1,煤炭采选,山西,11.4,1998-12-17,6.50,0,0,114240.00,2016-12-14,2016-12-14
sh600125,铁龙物流,tlwl,1,交运物流,辽宁,13.1,1998-05-11,25.00,0,0,130552.19,2016-12-14,2016-12-14
sh600126,杭钢股份,hggf,1,钢铁行业,浙江,26.0,1998-03-11,7.05,0,175889.90,83893.88,2016-12-14,2016-12-14
sh600127,金健米业,jjmy,1,农牧饲渔,湖南,6.42,1998-05-06,16.61,0,0,64178.32,2016-12-14,2016-12-14
sh600128,弘业股份,hygf,1,国际贸易,江苏,2.47,1997-09-01,12.38,0,0,24676.75,2016-12-14,2016-12-14
sh600129,太极集团,tjjt,1,医药行业,重庆,4.27,1997-11-18,15.40,0,0,42689.40,2016-12-14,2016-12-14
sh600130,波导股份,bdgf,1,通讯行业,浙江,7.68,2000-07-06,39.00,0,0,76800.00,2016-12-14,2016-12-14
sh600131,岷江水电,mjsd,1,电力行业,四川,5.04,1998-04-02,15.48,0,10668.71,39743.81,2016-12-14,2016-12-14
sh600132,重庆啤酒,zqpj,1,酿酒行业,重庆,4.84,1997-10-30,12.00,0,0,48397.12,2016-12-14,2016-12-14
sh600133,东湖高新,dhgx,1,工程建设,湖北,6.34,1998-02-12,12.80,0,9630.89,53794.89,2016-12-14,2016-12-14
sh600135,乐凯胶片,lkjp,1,材料行业,河北,3.73,1998-01-22,11.50,0,464.88,36834.30,2016-12-14,2016-12-14
sh600136,当代明诚,ddmc,1,文化传媒,湖北,4.87,1998-03-03,13.78,0,24612.73,24105.49,2016-12-14,2016-12-14
sh600137,浪莎股份,lsgf,1,纺织服装,四川,9722,1998-04-16,17.00,0,0,9721.76,2016-12-14,2016-12-14
sh600138,中青旅,zql,1,旅游酒店,北京,7.24,1997-12-03,11.80,0,2112.18,70271.82,2016-12-14,2016-12-14
sh600139,西部资源,xbzy,1,汽车行业,四川,6.62,1998-02-25,12.20,0,0,66189.05,2016-12-14,2016-12-14
sh600141,兴发集团,xfjt,1,化工行业,湖北,5.12,1999-06-16,11.01,0,3194.01,48029.72,2016-12-14,2016-12-14
sh600143,金发科技,jfkj,1,塑胶制品,广东,25.6,2004-06-23,16.88,0,0,256000.00,2016-12-14,2016-12-14
sh600145,*ST新亿,*STxy,1,玻璃陶瓷,新疆,14.9,1999-09-23,9.28,0,0,149110.04,2016-12-14,2016-12-14
sh600146,商赢环球,syhq,1,化工行业,宁夏,4.70,1999-07-07,9.00,0,26997.00,20000.00,2016-12-14,2016-12-14
sh600148,长春一东,zcyd,1,汽车行业,吉林,1.42,1998-05-20,14.80,0,0,14151.65,2016-12-14,2016-12-14
sh600149,廊坊发展,lffz,1,房地产,河北,3.80,1999-10-14,9.10,0,0,38016.00,2016-12-14,2016-12-14
sh600150,中国船舶,zgcb,1,船舶制造,上海,13.8,1998-05-20,7.00,0,0,137811.76,2016-12-14,2016-12-14
sh600151,航天机电,htjd,1,电子元件,上海,14.3,1998-06-05,14.02,0,18407.24,125017.99,2016-12-14,2016-12-14
sh600152,维科精华,wkjh,1,纺织服装,浙江,2.93,1998-06-09,11.11,0,0,29349.42,2016-12-14,2016-12-14
sh600153,建发股份,jfgf,1,交运物流,福建,28.4,1998-06-16,15.00,0,0,283520.05,2016-12-14,2016-12-14
sh600155,宝硕股份,bsgf,1,化工行业,河北,11.9,1998-09-18,12.38,0,77984.48,41250.00,2016-12-14,2016-12-14
sh600156,华升股份,hsgf,1,纺织服装,湖南,4.02,1998-05-27,11.50,0,0,40211.07,2016-12-14,2016-12-14
sh600157,永泰能源,ytny,1,煤炭采选,山西,124,1998-05-13,26.00,0,783014.05,459565.48,2016-12-14,2016-12-14
sh600158,中体产业,ztcy,1,文教休闲,天津,8.44,1998-03-27,15.00,0,18624.00,65749.54,2016-12-14,2016-12-14
sh600159,大龙地产,dldc,1,房地产,北京,8.30,1998-05-26,24.60,0,0,83000.32,2016-12-14,2016-12-14
sh600160,巨化股份,jhgf,1,化工行业,浙江,21.1,1998-06-26,11.00,0,30075.03,181091.60,2016-12-14,2016-12-14
sh600161,天坛生物,ttsw,1,医药行业,北京,5.15,1998-06-16,19.80,0,0,51546.69,2016-12-14,2016-12-14
sh600162,香江控股,xjkg,1,房地产,广东,28.1,1998-06-09,9.31,0,165754.03,115171.89,2016-12-14,2016-12-14
sh600163,中闽能源,zmny,1,电力行业,福建,9.99,1998-06-02,8.99,0,24584.13,75362.39,2016-12-14,2016-12-14
sh600165,新日恒力,xrhl,1,金属制品,宁夏,6.85,1998-05-29,11.50,0,0,68488.38,2016-12-14,2016-12-14
sh600166,福田汽车,ftqc,1,汽车行业,北京,66.7,1998-06-02,16.80,0,0,667013.13,2016-12-14,2016-12-14
sh600167,联美控股,lmkg,1,电力行业,辽宁,6.80,1999-01-28,6.98,0,46914.93,21100.00,2016-12-14,2016-12-14
sh600168,武汉控股,whkg,1,公用事业,湖北,7.10,1998-04-27,16.88,0,0,70956.97,2016-12-14,2016-12-14
sh600169,太原重工,tyzg,1,机械行业,山西,24.2,1998-09-04,6.13,0,0,242395.50,2016-12-14,2016-12-14
sh600170,上海建工,shjg,1,工程建设,上海,71.3,1998-06-23,12.00,0,22554.22,690631.49,2016-12-14,2016-12-14
sh600171,上海贝岭,shbl,1,电子元件,上海,6.74,1998-09-24,16.08,0,0,67380.78,2016-12-14,2016-12-14
sh600172,黄河旋风,hhxf,1,材料行业,河南,7.92,1998-11-26,15.00,0,14661.43,64578.46,2016-12-14,2016-12-14
sh600173,卧龙地产,wldc,1,房地产,浙江,7.25,1999-04-15,6.00,0,9.00,72505.75,2016-12-14,2016-12-14
sh600175,美都能源,mdny,1,石油行业,浙江,35.8,1999-04-08,26.80,0,212845.56,144803.32,2016-12-14,2016-12-14
sh600176,中国巨石,zgjs,1,玻璃陶瓷,浙江,24.3,1999-04-22,5.22,0,51237.26,191978.49,2016-12-14,2016-12-14
sh600177,雅戈尔,yge,1,纺织服装,浙江,25.6,1998-11-19,26.60,0,33156.50,222661.17,2016-12-14,2016-12-14
sh600178,东安动力,dadl,1,汽车行业,黑龙江,4.62,1998-10-14,11.50,0,0,46208.00,2016-12-14,2016-12-14
sh600179,安通控股,atkg,1,交运物流,黑龙江,10.6,1998-11-04,5.98,0,67212.85,39000.00,2016-12-14,2016-12-14
sh600180,瑞茂通,rmt,1,煤炭采选,山东,10.2,1998-07-03,16.35,0,13485.86,88161.89,2016-12-14,2016-12-14
sh600181,--,--,0,--,云南,3.48,0,19.10,0,18013.62,16800.00,2016-12-14,2016-12-14
sh600182,S佳通,Sjt,1,汽车行业,黑龙江,3.40,1999-05-07,5.33,17000.00,0,17000.00,2016-12-14,2016-12-14
sh600183,生益科技,sykj,1,电子元件,广东,14.4,1998-10-28,7.28,0,0,143755.39,2016-12-14,2016-12-14
sh600184,光电股份,gdgf,1,航天航空,湖北,5.09,2003-11-06,10.50,0,9000.00,41876.08,2016-12-14,2016-12-14
sh600185,格力地产,gldc,1,房地产,广东,20.6,1999-06-11,19.80,0,44247.79,161752.21,2016-12-14,2016-12-14
sh600186,莲花健康,lhjk,1,食品行业,河南,10.6,1998-08-25,10.78,0,0,106202.43,2016-12-14,2016-12-14
sh600187,国中水务,gzsw,1,公用事业,黑龙江,14.6,1998-11-11,10.38,0,0,145562.42,2016-12-14,2016-12-14
sh600188,兖州煤业,yzmy,1,煤炭采选,山东,49.1,1998-07-01,8.88,0,18.05,491183.55,2016-12-14,2016-12-14
sh600189,吉林森工,jlsg,1,木业家具,吉林,3.11,1998-10-07,8.88,0,0,31050.00,2016-12-14,2016-12-14
sh600190,锦州港,jzg,1,港口水运,辽宁,20.0,1999-06-09,7.88,0,44050.41,156178.74,2016-12-14,2016-12-14
sh600191,华资实业,hzsy,1,多元金融,内蒙古,4.85,1998-12-10,7.80,0,0,48493.20,2016-12-14,2016-12-14
sh600192,长城电工,zcdg,1,输配电气,甘肃,4.42,1998-12-24,9.07,0,0,44174.80,2016-12-14,2016-12-14
sh600193,创兴资源,cxzy,1,有色金属,上海,4.25,1999-05-27,18.18,0,0,42537.30,2016-12-14,2016-12-14
sh600195,中牧股份,zmgf,1,医药行业,北京,4.30,1999-01-07,11.30,0,0,42980.00,2016-12-14,2016-12-14
sh600196,复星医药,fxyy,1,医药行业,上海,24.1,1998-08-07,25.00,0,10351.41,231099.80,2016-12-14,2016-12-14
sh600197,伊力特,ylt,1,酿酒行业,新疆,4.41,1999-09-16,14.00,0,0,44100.00,2016-12-14,2016-12-14
sh600198,大唐电信,dtdx,1,通讯行业,北京,8.82,1998-10-21,17.45,0,4268.60,83942.25,2016-12-14,2016-12-14
sh600199,金种子酒,jzzj,1,酿酒行业,安徽,5.56,1998-08-12,10.20,0,0,55577.50,2016-12-14,2016-12-14
sh600200,江苏吴中,jswz,1,医药制造,江苏,7.22,1999-04-01,15.00,0,15687.67,56501.53,2016-12-14,2016-12-14
sh600201,生物股份,swgf,1,农药兽药,内蒙古,6.13,1999-01-15,13.68,0,4420.90,56894.35,2016-12-14,2016-12-14
sh600202,哈空调,hkd,1,机械行业,黑龙江,3.83,1999-06-03,12.88,0,0,38334.07,2016-12-14,2016-12-14
sh600203,福日电子,frdz,1,通讯行业,福建,4.56,1999-05-14,6.78,0,15327.63,30317.08,2016-12-14,2016-12-14
sh600205,--,--,0,--,山东,6.72,0,7.00,48000.00,0,19200.00,2016-12-14,2016-12-14
sh600206,有研新材,yyxc,1,材料行业,北京,8.39,1999-03-19,19.88,0,13094.52,70783.31,2016-12-14,2016-12-14
sh600207,安彩高科,acgk,1,玻璃陶瓷,河南,8.63,1999-07-14,10.90,0,17295.60,69000.00,2016-12-14,2016-12-14
sh600208,新湖中宝,xhzb,1,房地产,浙江,86.0,1999-06-23,16.90,0,117.16,859817.19,2016-12-14,2016-12-14
sh600209,罗顿发展,ldfz,1,装修装饰,海南,4.39,1999-03-25,9.99,0,1266.62,42634.50,2016-12-14,2016-12-14
sh600210,紫江企业,zjqy,1,包装材料,上海,15.2,1999-08-24,16.27,0,8000.00,143673.62,2016-12-14,2016-12-14
sh600211,西藏药业,xcyy,1,医药行业,西藏,1.46,1999-07-21,21.20,0,3148.00,11410.90,2016-12-14,2016-12-14
sh600212,*ST江泉,*STjq,1,综合行业,山东,5.12,1999-08-17,13.22,0,0,51169.72,2016-12-14,2016-12-14
sh600213,亚星客车,yxkc,1,汽车行业,江苏,2.20,1999-08-31,11.60,0,0,22000.00,2016-12-14,2016-12-14
sh600215,长春经开,zcjk,1,房地产,吉林,4.65,1999-09-09,19.01,0,0,46503.29,2016-12-14,2016-12-14
sh600216,浙江医药,zjyy,1,医药行业,浙江,9.63,1999-10-21,12.00,0,2674.43,93610.37,2016-12-14,2016-12-14
sh600217,中再资环,zzzh,1,环保工程,陕西,13.4,1999-12-16,9.00,0,64960.48,69198.27,2016-12-14,2016-12-14
sh600218,全柴动力,qcdl,1,机械行业,安徽,3.69,1998-12-03,10.25,0,0,36875.50,2016-12-14,2016-12-14
sh600219,南山铝业,nsly,1,有色金属,山东,92.5,1999-12-23,11.50,0,216314.20,708796.09,2016-12-14,2016-12-14
sh600220,江苏阳光,jsyg,1,纺织服装,江苏,17.8,1999-09-27,20.80,0,0,178334.03,2016-12-14,2016-12-14
sh600221,海南航空,hnhk,1,民航机场,海南,168,1999-11-25,6.30,0,462460.97,1218151.06,2016-12-14,2016-12-14
sh600222,太龙药业,tlyy,1,医药行业,河南,5.74,1999-11-05,17.33,0,5532.12,51856.51,2016-12-14,2016-12-14
sh600223,鲁商置业,lszy,1,房地产,山东,10.0,2000-01-13,10.53,0,0,100096.80,2016-12-14,2016-12-14
sh600225,天津松江,tjsj,1,房地产,天津,9.35,2000-01-27,13.80,0,8505.80,85043.46,2016-12-14,2016-12-14
sh600226,升华拜克,shbk,1,农药兽药,浙江,10.9,1999-11-16,22.80,0,0,109498.30,2016-12-14,2016-12-14
sh600227,赤天化,cth,1,化工行业,贵州,17.4,2000-02-21,12.00,0,78592.66,95039.25,2016-12-14,2016-12-14
sh600228,昌九生化,cjsh,1,化工行业,江西,2.41,1999-01-19,7.18,0,0,24132.00,2016-12-14,2016-12-14
sh600229,城市传媒,cscm,1,文化传媒,山东,7.02,2000-03-09,7.13,0,27232.39,42977.21,2016-12-14,2016-12-14
sh600230,*ST沧大,*STcd,1,化工行业,河北,2.94,2000-04-06,11.50,0,0,29418.82,2016-12-14,2016-12-14
sh600231,凌钢股份,lggf,1,钢铁行业,辽宁,25.2,2000-05-11,8.38,0,91116.17,160800.44,2016-12-14,2016-12-14
sh600232,金鹰股份,jygf,1,纺织服装,浙江,3.65,2000-06-02,16.88,0,0,36471.85,2016-12-14,2016-12-14
sh600233,圆通速递,ytsd,1,交运物流,辽宁,28.2,2000-06-08,20.00,0,249122.96,33000.00,2016-12-14,2016-12-14
sh600234,*ST山水,*STss,1,房地产,山西,2.02,2000-06-15,16.01,0,0,20244.59,2016-12-14,2016-12-14
sh600235,民丰特纸,mftz,1,造纸印刷,浙江,3.51,2000-06-15,13.77,0,0,35130.00,2016-12-14,2016-12-14
sh600236,桂冠电力,ggdl,1,电力行业,广西,60.6,2000-03-23,17.00,0,245889.67,360447.08,2016-12-14,2016-12-14
sh600237,铜峰电子,tfdz,1,电子元件,安徽,5.64,2000-06-09,28.00,0,0,56436.96,2016-12-14,2016-12-14
sh600238,海南椰岛,hnyd,1,酿酒行业,海南,4.48,2000-01-20,10.58,0,319.84,44500.16,2016-12-14,2016-12-14
sh600239,云南城投,ynct,1,房地产,云南,10.7,1999-12-02,17.90,0,0,107045.79,2016-12-14,2016-12-14
sh600240,华业资本,hyzb,1,房地产,北京,14.2,2000-06-28,17.00,0,0,142425.36,2016-12-14,2016-12-14
sh600241,时代万恒,sdwh,1,国际贸易,辽宁,2.26,2000-11-28,25.00,0,3323.30,19295.91,2016-12-14,2016-12-14
sh600242,中昌数据,zcsj,1,软件服务,广东,4.18,2000-12-07,15.38,0,15070.84,26730.28,2016-12-14,2016-12-14
sh600243,青海华鼎,qhhd,1,机械行业,青海,4.39,2000-11-20,17.20,0,20200.00,23685.00,2016-12-14,2016-12-14
sh600246,万通地产,wtdc,1,房地产,北京,20.5,2000-09-22,18.77,0,83720.93,121680.00,2016-12-14,2016-12-14
sh600247,ST成城,STcc,1,商业百货,吉林,3.36,2000-11-23,23.50,0,0,33644.16,2016-12-14,2016-12-14
sh600248,延长化建,yzhj,1,石油行业,陕西,6.16,2000-06-22,19.80,0,819.00,60760.60,2016-12-14,2016-12-14
sh600249,两面针,lmz,1,化工行业,广西,5.50,2004-01-30,13.10,0,10000.00,45000.00,2016-12-14,2016-12-14
sh600250,南纺股份,nfgf,1,纺织服装,江苏,2.59,2001-03-06,17.11,0,0,25869.25,2016-12-14,2016-12-14
sh600251,冠农股份,gngf,1,农牧饲渔,新疆,7.85,2003-06-09,11.05,0,0,78484.20,2016-12-14,2016-12-14
sh600252,中恒集团,zhjt,1,医药行业,广西,34.8,2000-11-30,20.00,0,19986.46,327524.26,2016-12-14,2016-12-14
sh600253,--,--,0,医药行业,河南,4.20,0,17.20,0,60.28,41939.72,2016-12-14,2016-12-14
sh600255,鑫科材料,xkcl,1,有色金属,安徽,17.7,2000-11-22,42.00,0,0,176959.36,2016-12-14,2016-12-14
sh600256,广汇能源,ghny,1,石油行业,新疆,52.2,2000-05-26,19.88,0,0,522142.47,2016-12-14,2016-12-14
sh600257,大湖股份,dhgf,1,农牧饲渔,湖南,4.81,2000-06-12,19.95,0,5418.72,42705.00,2016-12-14,2016-12-14
sh600258,首旅酒店,sljd,1,旅游酒店,北京,2.31,2000-06-01,22.18,0,0,23140.00,2016-12-14,2016-12-14
sh600259,广晟有色,gcys,1,有色金属,海南,3.02,2000-05-25,13.00,0,4349.64,25830.59,2016-12-14,2016-12-14
sh600260,凯乐科技,klkj,1,材料行业,湖北,6.67,2000-07-06,20.00,0,13422.05,53252.71,2016-12-14,2016-12-14
sh600261,阳光照明,ygzm,1,电子元件,浙江,14.5,2000-07-20,21.00,0,0,145210.29,2016-12-14,2016-12-14
sh600262,北方股份,bfgf,1,机械行业,内蒙古,1.70,2000-06-30,15.70,0,0,17000.00,2016-12-14,2016-12-14
sh600263,--,--,0,工程建设,北京,4.08,0,11.13,0,0,40813.30,2016-12-14,2016-12-14
sh600265,*ST景谷,*STjg,1,木业家具,云南,1.30,2000-08-25,18.80,0,0,12980.00,2016-12-14,2016-12-14
sh600266,北京城建,bjcj,1,房地产,北京,15.7,1999-02-03,9.80,0,5000.00,151704.00,2016-12-14,2016-12-14
sh600267,海正药业,hzyy,1,医药行业,浙江,9.66,2000-07-25,26.10,0,0,96553.18,2016-12-14,2016-12-14
sh600268,国电南自,gdnz,1,输配电气,江苏,6.35,1999-11-18,22.50,0,0,63524.64,2016-12-14,2016-12-14
sh600269,赣粤高速,gygs,1,高速公路,江西,23.4,2000-05-18,18.60,0,0,233540.70,2016-12-14,2016-12-14
sh600270,外运发展,wyfz,1,交运物流,北京,9.05,2000-12-28,28.01,0,0,90548.17,2016-12-14,2016-12-14
sh600271,航天信息,htxx,1,软件服务,北京,18.5,2003-07-11,29.18,0,0,184681.10,2016-12-14,2016-12-14
sh600272,开开实业,kksy,1,商业百货,上海,2.43,2001-02-28,14.90,0,300.00,24000.00,2016-12-14,2016-12-14
sh600273,嘉化能源,jhny,1,化工行业,浙江,13.1,2003-06-27,7.20,0,72628.68,57999.84,2016-12-14,2016-12-14
sh600275,武昌鱼,wcy,1,房地产,湖北,5.09,2000-08-10,16.51,0,0,50883.72,2016-12-14,2016-12-14
sh600276,恒瑞医药,hryy,1,医药行业,江苏,23.5,2000-10-18,26.88,0,436.81,234309.16,2016-12-14,2016-12-14
sh600277,亿利洁能,yljn,1,化工行业,内蒙古,20.9,2000-07-25,18.18,0,0,208958.95,2016-12-14,2016-12-14
sh600278,东方创业,dfcy,1,国际贸易,上海,5.22,2000-07-12,17.08,0,0,52224.17,2016-12-14,2016-12-14
sh600279,重庆港九,zqgj,1,港口水运,重庆,6.93,2000-07-31,12.00,0,0,69295.86,2016-12-14,2016-12-14
sh600280,中央商场,zysc,1,商业百货,江苏,11.5,2000-09-26,18.00,0,0,114833.49,2016-12-14,2016-12-14
sh600281,太化股份,thgf,1,化工行业,山西,5.14,2000-11-09,12.18,0,0,51440.20,2016-12-14,2016-12-14
sh600282,南钢股份,nggf,1,钢铁行业,江苏,39.6,2000-09-19,9.21,0,8632.00,387575.25,2016-12-14,2016-12-14
sh600283,钱江水利,qjsl,1,公用事业,浙江,3.53,2000-10-18,11.00,0,1707.97,33591.61,2016-12-14,2016-12-14
sh600284,浦东建设,pdjs,1,工程建设,上海,6.93,2004-03-16,10.52,0,0,69304.00,2016-12-14,2016-12-14
sh600285,羚锐制药,lrzy,1,医药行业,河南,5.92,2000-10-18,18.30,0,5879.98,53352.10,2016-12-14,2016-12-14
sh600286,--,--,0,--,湖南,8.19,0,13.68,0,59379.54,22508.46,2016-12-14,2016-12-14
sh600287,江苏舜天,jsst,1,商业百货,江苏,4.37,2000-09-01,30.00,0,0,43679.61,2016-12-14,2016-12-14
sh600288,大恒科技,dhkj,1,电子信息,北京,4.37,2000-11-29,35.10,0,0,43680.00,2016-12-14,2016-12-14
sh600289,亿阳信通,yyxt,1,软件服务,黑龙江,6.31,2000-07-20,65.00,0,6512.94,56592.27,2016-12-14,2016-12-14
sh600290,华仪电气,hydq,1,输配电气,浙江,7.60,2000-11-06,20.88,0,23301.99,52688.37,2016-12-14,2016-12-14
sh600291,西水股份,xsgf,1,多元金融,内蒙古,10.9,2000-07-31,12.12,0,70906.44,38400.00,2016-12-14,2016-12-14
sh600292,远达环保,ydhb,1,环保工程,重庆,7.81,2000-11-01,21.88,0,0,78081.69,2016-12-14,2016-12-14
sh600293,三峡新材,sxxc,1,玻璃陶瓷,湖北,7.75,2000-09-19,16.08,0,43025.21,34450.26,2016-12-14,2016-12-14
sh600295,鄂尔多斯,eeds,1,钢铁行业,内蒙古,10.3,2001-04-26,22.16,0,0,103200.00,2016-12-14,2016-12-14
sh600296,--,--,0,--,甘肃,5.42,0,13.27,24050.58,0,30182.08,2016-12-14,2016-12-14
sh600297,广汇汽车,ghqc,1,汽车行业,辽宁,55.0,2000-11-16,31.10,0,366057.21,183982.86,2016-12-14,2016-12-14
sh600298,安琪酵母,aqjm,1,食品行业,湖北,8.24,2000-08-18,28.58,0,1336.17,81071.93,2016-12-14,2016-12-14
sh600299,安迪苏,ads,1,农药兽药,北京,26.8,2000-04-20,17.50,0,210734.19,57455.94,2016-12-14,2016-12-14
sh600300,维维股份,wwgf,1,食品行业,江苏,16.7,2000-06-30,19.99,0,0,167200.00,2016-12-14,2016-12-14
sh600301,*ST南化,*STnh,1,化工行业,广西,2.35,2000-07-12,12.70,0,0,23514.81,2016-12-14,2016-12-14
sh600302,标准股份,bzgf,1,专用设备,陕西,3.46,2000-12-13,20.68,0,0,34600.98,2016-12-14,2016-12-14
sh600303,曙光股份,sggf,1,汽车行业,辽宁,6.76,2000-12-26,18.12,0,10109.82,57450.60,2016-12-14,2016-12-14
sh600305,恒顺醋业,hscy,1,食品行业,江苏,6.03,2001-02-06,16.80,0,0,60273.80,2016-12-14,2016-12-14
sh600306,*ST商城,*STsc,1,商业百货,辽宁,1.78,2000-12-26,14.00,0,73.32,17740.57,2016-12-14,2016-12-14
sh600307,酒钢宏兴,jghx,1,钢铁行业,甘肃,62.6,2000-12-20,6.90,0,0,626335.74,2016-12-14,2016-12-14
sh600308,华泰股份,htgf,1,造纸印刷,山东,11.7,2000-09-28,18.88,0,0,116756.14,2016-12-14,2016-12-14
sh600309,万华化学,whhx,1,化工行业,山东,21.6,2001-01-05,28.00,0,0,216233.47,2016-12-14,2016-12-14
sh600310,桂东电力,gddl,1,电力行业,广西,8.28,2001-02-28,18.20,0,0,82777.50,2016-12-14,2016-12-14
sh600311,荣华实业,rhsy,1,贵金属,甘肃,6.66,2001-06-26,19.98,0,0,66560.00,2016-12-14,2016-12-14
sh600312,平高电气,pgdq,1,输配电气,河南,13.6,2001-02-21,18.89,0,53795.51,81896.62,2016-12-14,2016-12-14
sh600313,农发种业,nfzy,1,农牧饲渔,北京,10.8,2001-01-19,12.82,0,8860.21,99359.65,2016-12-14,2016-12-14
sh600315,上海家化,shjh,1,化工行业,上海,6.73,2001-03-15,17.00,0,234.35,67107.30,2016-12-14,2016-12-14
sh600316,洪都航空,hdhk,1,航天航空,江西,7.17,2000-12-15,24.88,0,0,71711.45,2016-12-14,2016-12-14
sh600317,营口港,ykg,1,港口水运,辽宁,64.7,2002-01-31,9.71,0,0,647298.30,2016-12-14,2016-12-14
sh600318,新力金融,xljr,1,多元金融,安徽,2.42,2000-12-08,14.36,0,0,24200.00,2016-12-14,2016-12-14
sh600319,*ST亚星,*STyx,1,化工行业,山东,3.16,2001-03-26,16.88,0,0,31559.40,2016-12-14,2016-12-14
sh600320,振华重工,zhzg,1,机械行业,上海,43.9,2000-12-21,13.01,0,0,439029.46,2016-12-14,2016-12-14
sh600321,国栋建设,gdjs,1,水泥建材,四川,15.1,2001-05-24,30.00,0,32967.00,118088.00,2016-12-14,2016-12-14
sh600322,天房发展,tffz,1,房地产,天津,11.1,2001-09-10,10.28,0,0,110570.00,2016-12-14,2016-12-14
sh600323,瀚蓝环境,hlhj,1,公用事业,广东,7.66,2000-12-25,15.00,0,13755.40,62871.00,2016-12-14,2016-12-14
sh600325,华发股份,hfgf,1,房地产,广东,11.7,2004-02-25,15.80,0,10560.00,106344.56,2016-12-14,2016-12-14
sh600326,西藏天路,xctl,1,工程建设,西藏,6.66,2001-01-16,18.23,0,0,66568.04,2016-12-14,2016-12-14
sh600327,大东方,ddf,1,商业百货,江苏,5.67,2002-06-25,20.01,0,4545.45,52171.18,2016-12-14,2016-12-14
sh600328,兰太实业,ltsy,1,化工行业,内蒙古,4.38,2000-12-22,17.78,0,7891.30,35911.80,2016-12-14,2016-12-14
sh600329,中新药业,zxyy,1,医药行业,天津,7.69,2001-06-06,28.47,0,310.50,76576.81,2016-12-14,2016-12-14
sh600330,天通股份,ttgf,1,电子元件,浙江,8.30,2001-01-18,28.00,0,7050.00,75997.14,2016-12-14,2016-12-14
sh600331,宏达股份,hdgf,1,有色金属,四川,20.3,2001-12-20,16.47,0,100000.00,103200.00,2016-12-14,2016-12-14
sh600332,白云山,bys,1,医药行业,广东,16.3,2001-02-06,13.00,0,33471.17,129107.93,2016-12-14,2016-12-14
sh600333,长春燃气,zcrq,1,公用事业,吉林,5.30,2000-12-11,16.50,0,0,52961.98,2016-12-14,2016-12-14
sh600335,国机汽车,gjqc,1,国际贸易,天津,10.3,2001-03-05,18.87,0,16759.69,86213.99,2016-12-14,2016-12-14
sh600336,澳柯玛,akm,1,家电行业,山东,6.82,2000-12-29,14.00,0,200.00,68007.20,2016-12-14,2016-12-14
sh600337,美克家居,mkjj,1,木业家具,新疆,6.45,2000-11-27,35.00,0,0,64496.02,2016-12-14,2016-12-14
sh600338,西藏珠峰,xczf,1,有色金属,西藏,6.53,2000-12-27,16.38,0,49467.39,15833.33,2016-12-14,2016-12-14
sh600339,*ST天利,*STtl,1,石油行业,新疆,5.78,2000-12-25,21.80,0,0,57815.47,2016-12-14,2016-12-14
sh600340,华夏幸福,hxxf,1,房地产,河北,29.5,2003-12-30,8.70,0,30918.73,264575.94,2016-12-14,2016-12-14
sh600343,航天动力,htdl,1,机械行业,陕西,6.38,2003-04-08,10.60,0,0,63820.63,2016-12-14,2016-12-14
sh600345,长江通信,zjtx,1,通讯行业,湖北,1.98,2000-12-22,44.50,0,0,19800.00,2016-12-14,2016-12-14
sh600346,恒力股份,hlgf,1,化纤行业,辽宁,28.3,2001-08-20,19.80,0,215790.01,66778.68,2016-12-14,2016-12-14
sh600348,阳泉煤业,yqmy,1,煤炭采选,山西,24.1,2003-08-21,9.01,0,0,240500.00,2016-12-14,2016-12-14
sh600349,富通昭和,ftzh,0,--,浙江,1.19,0,0,11896.16,0,0,2016-12-14,2016-12-14
sh600350,山东高速,sdgs,1,高速公路,山东,48.1,2002-03-18,4.61,0,0,481116.59,2016-12-14,2016-12-14
sh600351,亚宝药业,ybyy,1,医药行业,山西,7.87,2002-09-26,15.48,0,9504.15,69200.00,2016-12-14,2016-12-14
sh600352,浙江龙盛,zjls,1,化工行业,浙江,32.5,2003-08-01,11.10,0,19340.00,305993.19,2016-12-14,2016-12-14
sh600353,旭光股份,xggf,1,电子元件,四川,5.44,2002-11-20,16.52,0,0,54372.00,2016-12-14,2016-12-14
sh600354,敦煌种业,dhzy,1,农牧饲渔,甘肃,5.28,2004-01-15,8.73,0,8000.00,44780.21,2016-12-14,2016-12-14
sh600355,精伦电子,jldz,1,电子元件,湖北,4.92,2002-06-13,29.80,0,0,49208.92,2016-12-14,2016-12-14
sh600356,恒丰纸业,hfzy,1,造纸印刷,黑龙江,2.99,2001-04-19,25.01,0,0,29873.14,2016-12-14,2016-12-14
sh600357,--,--,0,--,河北,9.81,0,9.52,0,39675.27,58391.43,2016-12-14,2016-12-14
sh600358,国旅联合,gllh,1,旅游酒店,江苏,5.05,2000-09-22,15.98,0,7293.67,43200.00,2016-12-14,2016-12-14
sh600359,新农开发,xnkf,1,农牧饲渔,新疆,3.82,1999-04-29,6.01,0,0,38151.28,2016-12-14,2016-12-14
sh600360,华微电子,hwdz,1,电子元件,吉林,7.38,2001-03-16,22.01,0,0,73808.00,2016-12-14,2016-12-14
sh600361,华联综超,hlzc,1,商业百货,北京,6.66,2001-11-29,15.81,0,0,66580.79,2016-12-14,2016-12-14
sh600362,江西铜业,jxty,1,有色金属,江西,34.6,2002-01-11,4.50,0,0,346272.94,2016-12-14,2016-12-14
sh600363,联创光电,lcgd,1,电子元件,江西,4.43,2001-03-29,23.00,0,0,44347.68,2016-12-14,2016-12-14
sh600365,通葡股份,tpgf,1,酿酒行业,吉林,4.00,2001-01-15,15.58,0,0,40000.00,2016-12-14,2016-12-14
sh600366,宁波韵升,nbys,1,有色金属,浙江,5.57,2000-10-30,29.90,0,3693.82,52054.88,2016-12-14,2016-12-14
sh600367,红星发展,hxfz,1,化工行业,贵州,2.91,2001-03-20,36.06,0,0,29120.00,2016-12-14,2016-12-14
sh600368,五洲交通,wzjt,1,高速公路,广西,8.34,2000-12-21,12.00,0,0,83380.15,2016-12-14,2016-12-14
sh600369,西南证券,xnzq,1,券商信托,重庆,56.5,2001-01-09,14.50,0,100000.00,464510.91,2016-12-14,2016-12-14
sh600370,三房巷,sfx,1,纺织服装,江苏,7.97,2003-03-06,11.78,0,0,79724.42,2016-12-14,2016-12-14
sh600371,万向德农,wxdn,1,农牧饲渔,黑龙江,2.25,2002-09-16,13.50,0,0,22506.00,2016-12-14,2016-12-14
sh600372,中航电子,zhdz,1,航天航空,北京,17.6,2001-07-06,12.80,0,0,175916.29,2016-12-14,2016-12-14
sh600373,中文传媒,zwcm,1,文化传媒,江西,13.8,2002-03-04,11.00,0,11400.57,126393.44,2016-12-14,2016-12-14
sh600375,*ST星马,*STxm,1,专用设备,安徽,5.56,2003-04-01,28.00,0,0,55574.06,2016-12-14,2016-12-14
sh600376,首开股份,skgf,1,房地产,北京,25.8,2001-03-12,28.01,0,33755.27,224201.25,2016-12-14,2016-12-14
sh600377,宁沪高速,nhgs,1,高速公路,江苏,50.4,2001-01-16,7.00,0,1776.61,501998.14,2016-12-14,2016-12-14
sh600378,天科股份,tkgf,1,化工行业,四川,2.97,2001-01-11,28.00,0,0,29719.33,2016-12-14,2016-12-14
sh600379,宝光股份,bggf,1,输配电气,陕西,2.36,2002-01-16,10.01,0,0,23585.83,2016-12-14,2016-12-14
sh600380,健康元,jky,1,医药行业,广东,15.9,2001-06-08,45.00,0,2608.60,156105.33,2016-12-14,2016-12-14
sh600381,青海春天,qhct,1,医药制造,青海,6.86,2001-05-08,25.80,0,47980.13,20581.02,2016-12-14,2016-12-14
sh600382,广东明珠,gdmz,1,国际贸易,广东,4.67,2001-01-18,14.10,0,12507.81,34174.66,2016-12-14,2016-12-14
sh600383,金地集团,jdjt,1,房地产,广东,45.0,2001-04-12,23.99,0,0,450084.94,2016-12-14,2016-12-14
sh600385,山东金泰,sdjt,1,贵金属,山东,1.48,2001-07-23,38.76,0,533.33,14277.38,2016-12-14,2016-12-14
sh600386,北巴传媒,bbcm,1,交运物流,北京,4.03,2001-02-16,14.50,0,0,40320.00,2016-12-14,2016-12-14
sh600387,海越股份,hygf,1,石油行业,浙江,3.86,2004-02-18,10.88,0,39.00,38571.00,2016-12-14,2016-12-14
sh600388,龙净环保,ljhb,1,机械行业,福建,10.7,2000-12-29,22.03,0,0,106905.00,2016-12-14,2016-12-14
sh600389,江山股份,jsgf,1,农药兽药,江苏,2.97,2001-01-10,20.50,0,0,29700.00,2016-12-14,2016-12-14
sh600390,*ST金瑞,*STjr,1,材料行业,湖南,4.51,2001-01-15,40.00,0,0,45125.64,2016-12-14,2016-12-14
sh600391,成发科技,cfkj,1,航天航空,四川,3.30,2001-12-12,21.50,0,0,33012.94,2016-12-14,2016-12-14
sh600392,盛和资源,shzy,1,有色金属,山西,9.41,2003-05-29,19.01,0,0,94103.94,2016-12-14,2016-12-14
sh600393,粤泰股份,ytgf,1,房地产,广东,12.7,2001-03-19,36.00,0,96861.89,29950.50,2016-12-14,2016-12-14
sh600395,盘江股份,pjgf,1,煤炭采选,贵州,16.6,2001-05-31,11.55,0,0,165505.19,2016-12-14,2016-12-14
sh600396,金山股份,jsgf,1,电力行业,辽宁,14.7,2001-03-28,16.21,0,65990.68,81280.00,2016-12-14,2016-12-14
sh600397,安源煤业,aymy,1,煤炭采选,江西,9.90,2002-07-02,12.00,0,0,98995.99,2016-12-14,2016-12-14
sh600398,海澜之家,hlzj,1,纺织服装,江苏,44.9,2000-12-28,21.18,0,296153.85,153121.95,2016-12-14,2016-12-14
sh600399,抚顺特钢,fstg,1,钢铁行业,辽宁,13.0,2000-12-29,7.22,0,17037.72,112962.28,2016-12-14,2016-12-14
sh600400,红豆股份,hdgf,1,纺织服装,江苏,16.4,2001-01-08,17.88,0,52417.27,112079.93,2016-12-14,2016-12-14
sh600401,海润光伏,hrgf,1,材料行业,江苏,47.2,2003-09-24,11.80,0,0,472493.52,2016-12-14,2016-12-14
sh600403,大有能源,dyny,1,煤炭采选,河南,23.9,2003-10-09,12.50,0,0,239081.24,2016-12-14,2016-12-14
sh600405,动力源,dly,1,电子元件,北京,4.39,2004-04-01,19.00,0,932.50,42944.28,2016-12-14,2016-12-14
sh600406,国电南瑞,gdnr,1,输配电气,江苏,24.3,2003-10-16,15.91,0,22319.97,220575.36,2016-12-14,2016-12-14
sh600408,安泰集团,atjt,1,煤炭采选,山西,10.1,2003-02-12,9.59,0,0,100680.00,2016-12-14,2016-12-14
sh600409,三友化工,syhg,1,化工行业,河北,18.5,2003-06-18,8.31,0,0,185038.55,2016-12-14,2016-12-14
sh600410,华胜天成,hstc,1,软件服务,北京,11.0,2004-04-27,24.19,0,21206.05,89242.37,2016-12-14,2016-12-14
sh600415,小商品城,xspc,1,商业百货,浙江,54.4,2002-05-09,26.01,0,0,544321.42,2016-12-14,2016-12-14
sh600416,湘电股份,xdgf,1,机械行业,湖南,9.46,2002-07-18,13.00,0,24290.53,70292.90,2016-12-14,2016-12-14
sh600418,江淮汽车,jhqc,1,汽车行业,安徽,18.9,2001-08-24,13.50,0,87595.40,101735.81,2016-12-14,2016-12-14
sh600419,天润乳业,trry,1,食品饮料,新疆,1.04,2001-06-28,30.00,0,1405.83,8949.90,2016-12-14,2016-12-14
sh600420,现代制药,xdzy,1,医药行业,上海,2.88,2004-06-16,15.38,0,0,28773.34,2016-12-14,2016-12-14
sh600421,仰帆控股,yfkg,1,医药行业,湖北,1.96,2004-06-07,12.48,0,0,19560.00,2016-12-14,2016-12-14
sh600422,昆药集团,kyjt,1,医药行业,云南,7.89,2000-12-06,30.60,0,10778.93,68089.94,2016-12-14,2016-12-14
sh600423,柳化股份,lhgf,1,化肥行业,广西,3.99,2003-07-17,8.63,0,0,39934.75,2016-12-14,2016-12-14
sh600425,青松建化,qsjh,1,水泥建材,新疆,13.8,2003-07-24,8.03,0,0,137879.01,2016-12-14,2016-12-14
sh600426,华鲁恒升,hlhs,1,化肥行业,山东,12.5,2002-06-20,10.00,0,681.20,123971.25,2016-12-14,2016-12-14
sh600428,中远航运,zyhy,1,港口水运,广东,21.5,2002-04-18,12.55,0,45620.44,169044.64,2016-12-14,2016-12-14
sh600429,三元股份,sygf,1,食品行业,北京,15.0,2003-09-15,6.58,0,61255.74,88500.00,2016-12-14,2016-12-14
sh600432,*ST吉恩,*STje,1,有色金属,吉林,16.0,2003-09-05,8.50,0,79260.24,81112.15,2016-12-14,2016-12-14
sh600433,冠豪高新,ghgx,1,造纸印刷,广东,12.7,2003-06-19,10.18,0,8103.54,119028.00,2016-12-14,2016-12-14
sh600435,北方导航,bfdh,1,机械行业,北京,14.9,2003-07-04,13.00,0,0,148932.00,2016-12-14,2016-12-14
sh600436,片仔癀,pzh,1,医药行业,福建,6.03,2003-06-16,15.89,0,0,60331.72,2016-12-14,2016-12-14
sh600438,通威股份,twgf,1,农牧饲渔,四川,33.8,2004-03-02,12.89,0,174981.41,163421.93,2016-12-14,2016-12-14
sh600439,瑞贝卡,rbk,1,工艺商品,河南,9.43,2003-07-10,14.88,0,0,94332.12,2016-12-14,2016-12-14
sh600444,国机通用,gjty,1,机械行业,安徽,1.46,2004-02-19,18.00,0,4142.19,10500.00,2016-12-14,2016-12-14
sh600446,金证股份,jzgf,1,软件服务,广东,8.35,2003-12-24,16.11,0,8343.04,75157.91,2016-12-14,2016-12-14
sh600448,华纺股份,hfgf,1,纺织服装,山东,4.22,2001-09-03,10.80,0,2297.04,39939.37,2016-12-14,2016-12-14
sh600449,宁夏建材,nxjc,1,水泥建材,宁夏,4.78,2003-08-29,7.52,0,0,47818.10,2016-12-14,2016-12-14
sh600452,涪陵电力,fldl,1,电力行业,重庆,1.60,2004-03-03,11.33,0,0,16000.00,2016-12-14,2016-12-14
sh600455,博通股份,btgf,1,软件服务,陕西,6246,2004-03-29,21.80,0,1274.02,4971.78,2016-12-14,2016-12-14
sh600456,宝钛股份,btgf,1,有色金属,陕西,4.30,2002-04-12,16.88,0,0,43026.57,2016-12-14,2016-12-14
sh600458,时代新材,sdxc,1,材料行业,湖南,8.03,2002-12-19,14.62,0,14137.61,66142.21,2016-12-14,2016-12-14
sh600459,贵研铂业,gyby,1,有色金属,云南,2.61,2003-05-16,15.02,0,0,26097.77,2016-12-14,2016-12-14
sh600460,士兰微,slw,1,电子元件,浙江,12.5,2003-03-11,20.10,0,0,124716.80,2016-12-14,2016-12-14
sh600461,洪城水业,hcsy,1,公用事业,江西,7.90,2004-06-01,9.10,0,19559.36,59400.00,2016-12-14,2016-12-14
sh600462,九有股份,jygf,1,电子元件,广东,5.34,2003-09-03,7.38,0,0,53378.00,2016-12-14,2016-12-14
sh600463,空港股份,kggf,1,房地产,北京,3.00,2004-03-18,15.00,0,4800.00,25200.00,2016-12-14,2016-12-14
sh600466,蓝光发展,lgfz,1,房地产,四川,21.4,2001-02-12,20.00,0,126016.72,87593.92,2016-12-14,2016-12-14
sh600467,好当家,hdj,1,农牧饲渔,山东,14.6,2004-04-05,11.88,0,0,146099.43,2016-12-14,2016-12-14
sh600468,百利电气,bldq,1,输配电气,天津,5.41,2001-06-15,26.10,0,8455.03,45619.20,2016-12-14,2016-12-14
sh600469,风神股份,fsgf,1,汽车行业,河南,5.62,2003-10-21,7.45,0,0,56241.32,2016-12-14,2016-12-14
sh600470,六国化工,lghg,1,化肥行业,安徽,5.22,2004-03-05,9.50,0,0,52160.00,2016-12-14,2016-12-14
sh600472,--,--,0,--,内蒙古,4.31,0,3.61,0,21575.93,21524.07,2016-12-14,2016-12-14
sh600475,华光股份,hggf,1,机械行业,江苏,2.56,2003-07-21,8.22,0,0,25600.00,2016-12-14,2016-12-14
sh600476,湘邮科技,xykj,1,软件服务,湖南,1.61,2003-12-10,11.23,0,0,16107.00,2016-12-14,2016-12-14
sh600477,杭萧钢构,hxgg,1,水泥建材,浙江,10.6,2003-11-10,15.33,0,25461.87,80253.07,2016-12-14,2016-12-14
sh600478,科力远,kly,1,电子元件,湖南,13.9,2003-09-18,11.18,0,11603.53,127503.50,2016-12-14,2016-12-14
sh600479,千金药业,qjyy,1,医药行业,湖南,3.49,2004-03-12,33.50,0,4393.67,30481.92,2016-12-14,2016-12-14
sh600480,凌云股份,lygf,1,塑胶制品,河北,4.51,2003-08-15,7.58,0,8921.93,36171.48,2016-12-14,2016-12-14
sh600481,双良节能,sljn,1,化工行业,江苏,16.2,2003-04-22,10.51,0,0,162049.58,2016-12-14,2016-12-14
sh600482,中国动力,zgdl,1,材料行业,河北,17.4,2004-07-14,6.16,0,121484.89,52434.20,2016-12-14,2016-12-14
sh600483,福能股份,fngf,1,电力行业,福建,15.5,2004-05-31,5.59,0,126334.19,28848.37,2016-12-14,2016-12-14
sh600485,信威集团,xwjt,1,通讯行业,北京,29.2,2003-08-07,17.79,0,129229.96,163144.32,2016-12-14,2016-12-14
sh600486,扬农化工,ynhg,1,农药兽药,江苏,3.10,2002-04-25,19.18,0,0,30989.89,2016-12-14,2016-12-14
sh600487,亨通光电,htgd,1,通讯行业,江苏,12.4,2003-08-22,13.30,0,9000.00,115126.91,2016-12-14,2016-12-14
sh600488,天药股份,tygf,1,医药行业,天津,9.61,2001-06-18,40.00,0,0,96085.50,2016-12-14,2016-12-14
sh600489,中金黄金,zjhj,1,贵金属,北京,34.5,2003-08-14,7.77,0,0,345113.72,2016-12-14,2016-12-14
sh600490,鹏欣资源,pxzy,1,有色金属,上海,14.8,2003-06-26,15.63,0,0,147900.00,2016-12-14,2016-12-14
sh600491,龙元建设,lyjs,1,工程建设,浙江,12.6,2004-05-24,20.38,0,31450.00,94760.00,2016-12-14,2016-12-14
sh600493,凤竹纺织,fzfz,1,纺织服装,福建,2.72,2004-04-21,8.09,0,0,27200.00,2016-12-14,2016-12-14
sh600495,晋西车轴,jxcz,1,交运设备,山西,12.1,2004-05-26,9.01,0,0,120819.09,2016-12-14,2016-12-14
sh600496,精工钢构,jggg,1,水泥建材,安徽,15.1,2002-06-05,11.00,0,0,151044.52,2016-12-14,2016-12-14
sh600497,驰宏锌锗,chxz,1,有色金属,云南,43.1,2004-04-20,13.88,0,97477.64,333512.18,2016-12-14,2016-12-14
sh600498,烽火通信,fhtx,1,通讯行业,湖北,10.5,2001-08-23,30.00,0,5103.32,99523.98,2016-12-14,2016-12-14
sh600499,科达洁能,kdjn,1,机械行业,广东,14.1,2002-10-10,22.58,0,3399.09,137747.34,2016-12-14,2016-12-14
sh600500,中化国际,zhgj,1,化工行业,上海,20.8,2000-03-01,11.82,0,35988.80,172312.47,2016-12-14,2016-12-14
sh600501,航天晨光,htcg,1,专用设备,江苏,4.21,2001-06-15,31.20,0,1440.00,40688.36,2016-12-14,2016-12-14
sh600502,安徽水利,ahsl,1,工程建设,安徽,9.04,2003-04-15,11.51,0,0,90424.72,2016-12-14,2016-12-14
sh600503,华丽家族,hljz,1,房地产,上海,16.0,2002-07-09,23.65,0,3959.93,156269.07,2016-12-14,2016-12-14
sh600505,西昌电力,xcdl,1,电力行业,四川,3.65,2002-05-30,12.09,0,0,36456.75,2016-12-14,2016-12-14
sh600506,香梨股份,xlgf,1,农牧饲渔,新疆,1.48,2001-12-26,12.90,0,0,14770.69,2016-12-14,2016-12-14
sh600507,方大特钢,fdtg,1,钢铁行业,江西,13.3,2003-09-30,8.50,0,159.50,132449.80,2016-12-14,2016-12-14
sh600508,上海能源,shny,1,煤炭采选,上海,7.23,2001-08-29,13.20,0,0,72271.80,2016-12-14,2016-12-14
sh600509,天富能源,tfny,1,电力行业,新疆,9.06,2002-02-28,15.10,0,0,90569.66,2016-12-14,2016-12-14
sh600510,黑牡丹,hmd,1,工程建设,江苏,10.5,2002-06-18,18.00,0,25157.23,79552.27,2016-12-14,2016-12-14
sh600511,国药股份,gygf,1,医药行业,北京,4.79,2002-11-27,10.89,0,20115.66,27764.34,2016-12-14,2016-12-14
sh600512,腾达建设,tdjs,1,工程建设,浙江,16.0,2002-12-26,10.95,0,62809.74,97080.55,2016-12-14,2016-12-14
sh600513,联环药业,lhyy,1,医药行业,江苏,2.20,2003-03-19,19.58,0,0,21958.17,2016-12-14,2016-12-14
sh600515,海航基础,hhjc,1,商业百货,海南,39.1,2002-08-06,12.32,0,348481.83,42277.41,2016-12-14,2016-12-14
sh600516,方大炭素,fdts,1,材料行业,甘肃,17.2,2002-08-30,12.12,0,0,171916.04,2016-12-14,2016-12-14
sh600517,置信电气,zxdq,1,输配电气,上海,13.6,2003-10-10,12.30,0,24249.88,111366.90,2016-12-14,2016-12-14
sh600518,康美药业,kmyy,1,医药行业,广东,49.5,2001-03-19,40.00,0,54979.47,439742.90,2016-12-14,2016-12-14
sh600519,贵州茅台,gzmt,1,酿酒行业,贵州,12.6,2001-08-27,34.51,0,0,125619.78,2016-12-14,2016-12-14
sh600520,*ST中发,*STzf,1,机械行业,安徽,1.58,2002-01-08,27.46,0,454.00,15389.00,2016-12-14,2016-12-14
sh600521,华海药业,hhyy,1,医药行业,浙江,10.4,2003-03-04,22.48,0,1888.24,102416.73,2016-12-14,2016-12-14
sh600522,中天科技,ztkj,1,通讯行业,江苏,26.1,2002-10-24,12.05,0,33492.70,227584.41,2016-12-14,2016-12-14
sh600523,贵航股份,ghgf,1,汽车行业,贵州,2.89,2001-12-27,9.29,0,19.05,28860.33,2016-12-14,2016-12-14
sh600525,长园集团,zyjt,1,材料行业,广东,13.2,2002-12-02,23.40,0,20982.12,110749.02,2016-12-14,2016-12-14
sh600526,菲达环保,fdhb,1,专用设备,浙江,5.47,2002-07-22,19.80,0,14051.52,40688.95,2016-12-14,2016-12-14
sh600527,江南高纤,jngx,1,化纤行业,江苏,8.02,2003-11-27,9.58,0,0,80208.94,2016-12-14,2016-12-14
sh600528,中铁二局,ztej,1,工程建设,四川,14.6,2001-05-28,18.00,0,0,145920.00,2016-12-14,2016-12-14
sh600529,山东药玻,sdyb,1,玻璃陶瓷,山东,2.57,2002-06-03,23.00,0,0,25738.01,2016-12-14,2016-12-14
sh600530,交大昂立,jdal,1,医药行业,上海,7.80,2001-07-02,34.89,0,0,78000.00,2016-12-14,2016-12-14
sh600531,豫光金铅,ygjq,1,有色金属,河南,8.86,2002-07-30,15.53,0,0,88575.23,2016-12-14,2016-12-14
sh600532,宏达矿业,hdky,1,有色金属,山东,5.16,2002-10-31,13.29,0,11983.13,39623.44,2016-12-14,2016-12-14
sh600533,栖霞建设,qxjs,1,房地产,江苏,10.5,2002-03-28,23.00,0,0,105000.00,2016-12-14,2016-12-14
sh600535,天士力,tsl,1,医药行业,天津,10.8,2002-08-23,23.00,0,4763.32,103284.27,2016-12-14,2016-12-14
sh600536,中国软件,zgrj,1,软件服务,北京,4.95,2002-05-17,30.53,0,985.05,48471.22,2016-12-14,2016-12-14
sh600537,亿晶光电,yjgd,1,电子元件,浙江,11.8,2003-01-23,12.00,0,0,117635.93,2016-12-14,2016-12-14
sh600538,国发股份,gfgf,1,农药兽药,广西,4.64,2003-01-14,13.88,0,18518.52,27921.60,2016-12-14,2016-12-14
sh600539,ST狮头,STst,1,水泥建材,山西,2.30,2001-08-24,12.22,0,0,23000.00,2016-12-14,2016-12-14
sh600540,新赛股份,xsgf,1,农牧饲渔,新疆,4.71,2004-01-07,9.89,0,780.00,46312.33,2016-12-14,2016-12-14
sh600543,莫高股份,mggf,1,酿酒行业,甘肃,3.21,2004-03-24,11.68,0,0,32112.00,2016-12-14,2016-12-14
sh600545,新疆城建,xjcj,1,工程建设,新疆,6.76,2003-12-03,8.60,0,0,67578.58,2016-12-14,2016-12-14
sh600546,*ST山煤,*STsm,1,煤炭采选,山西,19.8,2003-07-31,12.75,0,0,198245.61,2016-12-14,2016-12-14
sh600547,山东黄金,sdhj,1,贵金属,山东,18.6,2003-08-28,10.20,0,43404.64,142307.24,2016-12-14,2016-12-14
sh600548,深高速,sgs,1,高速公路,广东,21.8,2001-12-25,6.99,0,0,218077.03,2016-12-14,2016-12-14
sh600549,厦门钨业,smwy,1,有色金属,福建,10.8,2002-11-07,20.88,0,19500.00,88657.40,2016-12-14,2016-12-14
sh600550,保变电气,bbdq,1,输配电气,河北,15.3,2001-02-28,17.50,0,16161.62,137299.09,2016-12-14,2016-12-14
sh600551,时代出版,sdcb,1,文化传媒,安徽,5.06,2002-09-05,21.22,0,0,50582.53,2016-12-14,2016-12-14
sh600552,凯盛科技,kskj,1,材料行业,安徽,3.84,2002-11-08,14.50,0,1307.78,37044.70,2016-12-14,2016-12-14
sh600553,--,--,0,--,河北,3.80,0,12.80,0,266.00,37734.00,2016-12-14,2016-12-14
sh600555,海航创新,hhcx,1,旅游酒店,海南,13.0,2001-03-28,21.00,0,0,130350.00,2016-12-14,2016-12-14
sh600556,ST慧球,SThq,1,公用事业,广西,3.95,2001-08-07,21.12,0,0,39479.37,2016-12-14,2016-12-14
sh600557,康缘药业,kyyy,1,医药行业,江苏,6.16,2002-09-18,17.85,0,17421.49,44223.42,2016-12-14,2016-12-14
sh600558,大西洋,dxy,1,金属制品,四川,8.98,2001-02-27,16.00,0,6888.03,82872.46,2016-12-14,2016-12-14
sh600559,老白干酒,lbgj,1,酿酒行业,河北,4.38,2002-10-29,12.20,0,8806.02,35000.00,2016-12-14,2016-12-14
sh600560,金自天正,jztz,1,机械行业,北京,2.24,2002-09-19,21.00,0,0,22364.55,2016-12-14,2016-12-14
sh600561,江西长运,jxzy,1,交运物流,江西,2.37,2002-07-16,17.28,0,0,23706.40,2016-12-14,2016-12-14
sh600562,国睿科技,grkj,1,机械行业,江苏,4.79,2003-01-28,15.02,0,15108.54,32764.59,2016-12-14,2016-12-14
sh600563,法拉电子,fldz,1,电子元件,福建,2.25,2002-12-10,13.18,0,0,22500.00,2016-12-14,2016-12-14
sh600565,迪马股份,dmgf,1,房地产,重庆,24.2,2002-07-23,29.00,0,94665.74,147220.26,2016-12-14,2016-12-14
sh600566,济川药业,jcyy,1,医药行业,湖北,8.10,2001-08-22,19.05,0,63899.36,17063.04,2016-12-14,2016-12-14
sh600567,山鹰纸业,syzy,1,造纸印刷,安徽,45.5,2001-12-18,11.65,0,78431.37,376693.96,2016-12-14,2016-12-14
sh600568,中珠医疗,zzyl,1,医药行业,湖北,7.12,2001-05-18,35.00,0,20513.46,50660.45,2016-12-14,2016-12-14
sh600569,安阳钢铁,aygt,1,钢铁行业,河南,23.9,2001-08-20,7.00,0,0,239368.45,2016-12-14,2016-12-14
sh600570,恒生电子,hsdz,1,软件服务,浙江,6.18,2003-12-16,20.00,0,0,61780.52,2016-12-14,2016-12-14
sh600571,信雅达,xyd,1,软件服务,浙江,4.40,2002-11-01,25.00,0,1980.71,41987.21,2016-12-14,2016-12-14
sh600572,康恩贝,keb,1,医药行业,浙江,25.1,2004-04-12,14.58,0,45299.19,205773.81,2016-12-14,2016-12-14
sh600573,惠泉啤酒,hqpj,1,酿酒行业,福建,2.50,2003-02-26,11.58,0,0,25000.00,2016-12-14,2016-12-14
sh600575,皖江物流,wjwl,1,港口水运,安徽,39.1,2003-03-28,12.47,0,248491.02,142320.00,2016-12-14,2016-12-14
sh600576,万家文化,wjwh,1,文化传媒,浙江,6.35,2003-02-20,11.50,0,15516.38,47980.48,2016-12-14,2016-12-14
sh600577,精达股份,jdgf,1,金属制品,安徽,19.6,2002-09-11,23.18,0,53619.30,141913.12,2016-12-14,2016-12-14
sh600578,京能电力,jndl,1,电力行业,北京,46.2,2002-05-10,10.88,0,0,461732.10,2016-12-14,2016-12-14
sh600579,天华院,thy,1,机械行业,山东,4.11,2002-08-09,12.01,0,15503.60,25560.00,2016-12-14,2016-12-14
sh600580,卧龙电气,wldq,1,输配电气,浙江,12.9,2002-06-06,17.33,0,17837.24,111052.72,2016-12-14,2016-12-14
sh600581,*ST八钢,*STbg,1,钢铁行业,新疆,7.66,2002-08-16,8.00,0,0,76644.89,2016-12-14,2016-12-14
sh600582,天地科技,tdkj,1,机械行业,北京,41.4,2002-05-15,31.00,0,136425.28,277433.61,2016-12-14,2016-12-14
sh600583,海油工程,hygc,1,石油行业,天津,44.2,2002-02-05,16.10,0,0,442135.48,2016-12-14,2016-12-14
sh600584,长电科技,zdkj,1,电子元件,江苏,10.4,2003-06-03,13.70,0,5134.48,98457.00,2016-12-14,2016-12-14
sh600585,海螺水泥,hlsn,1,水泥建材,安徽,53.0,2002-02-07,6.20,0,0,529930.26,2016-12-14,2016-12-14
sh600586,金晶科技,jjkj,1,玻璃陶瓷,山东,14.6,2002-08-15,19.00,0,3618.50,142270.74,2016-12-14,2016-12-14
sh600587,新华医疗,xhyl,1,医疗行业,山东,4.06,2002-09-27,22.23,0,296.14,40346.67,2016-12-14,2016-12-14
sh600588,用友网络,yywl,1,软件服务,北京,14.6,2001-05-18,76.00,0,392.75,146036.60,2016-12-14,2016-12-14
sh600589,广东榕泰,gdrt,1,化工行业,广东,7.05,2001-06-12,30.80,0,10357.58,60173.00,2016-12-14,2016-12-14
sh600590,泰豪科技,thkj,1,输配电气,江西,6.67,2002-07-03,18.88,0,16453.49,50242.57,2016-12-14,2016-12-14
sh600591,--,--,0,--,上海,13.0,0,7.13,0,22222.22,108150.00,2016-12-14,2016-12-14
sh600592,龙溪股份,lxgf,1,机械行业,福建,4.00,2002-08-05,13.55,0,0,39955.36,2016-12-14,2016-12-14
sh600593,大连圣亚,dlsy,1,旅游酒店,辽宁,9200,2002-07-11,20.05,0,0,9200.00,2016-12-14,2016-12-14
sh600594,益佰制药,ybzy,1,医药行业,贵州,7.92,2004-03-23,26.88,0,956.92,78235.82,2016-12-14,2016-12-14
sh600595,中孚实业,zfsy,1,有色金属,河南,17.4,2002-06-26,15.51,0,0,174154.04,2016-12-14,2016-12-14
sh600596,新安股份,xagf,1,农药兽药,浙江,6.79,2001-09-06,18.48,0,0,67918.46,2016-12-14,2016-12-14
sh600597,光明乳业,gmry,1,食品行业,上海,12.3,2002-08-28,12.50,0,633.47,122430.20,2016-12-14,2016-12-14
sh600598,北大荒,bdh,1,农牧饲渔,黑龙江,17.8,2002-03-29,7.71,0,0,177767.99,2016-12-14,2016-12-14
sh600599,熊猫金控,xmjk,1,工艺商品,湖南,1.66,2001-08-28,25.03,0,0,16600.00,2016-12-14,2016-12-14
sh600600,青岛啤酒,qdpj,1,酿酒行业,山东,13.5,1993-08-27,15.00,0,0,135098.28,2016-12-14,2016-12-14
sh600601,方正科技,fzkj,1,电子信息,上海,21.9,1990-12-19,185.30,0,0,219489.12,2016-12-14,2016-12-14
sh600602,云赛智联,yszl,1,电子信息,上海,13.3,1990-12-19,365.70,0,15389.21,117294.31,2016-12-14,2016-12-14
sh600603,*ST兴业,*STxy,1,有色金属,福建,1.95,1992-01-13,86.40,0,0,19464.19,2016-12-14,2016-12-14
sh600604,市北高新,sbgx,1,房地产,上海,9.37,1992-03-27,38.00,0,32218.27,61446.97,2016-12-14,2016-12-14
sh600605,汇通能源,htny,1,商业百货,上海,1.47,1992-03-27,24.00,0,0,14734.46,2016-12-14,2016-12-14
sh600606,绿地控股,ldkg,1,房地产,上海,122,1992-03-27,35.30,0,894478.61,322336.83,2016-12-14,2016-12-14
sh600607,--,--,0,医药行业,上海,3.68,0,43.30,0,0,36781.48,2016-12-14,2016-12-14
sh600608,上海科技,shkj,1,金属制品,上海,3.29,1992-03-27,28.20,0,1049.00,31837.14,2016-12-14,2016-12-14
sh600609,金杯汽车,jbqc,1,汽车行业,辽宁,10.9,1992-07-24,120.00,0,0,109266.71,2016-12-14,2016-12-14
sh600610,中毅达,zyd,1,园林工程,上海,10.7,1992-08-05,170.00,0,33534.00,73593.46,2016-12-14,2016-12-14
sh600611,大众交通,dzjt,1,交运物流,上海,23.6,1992-08-07,198.00,0,0,236412.29,2016-12-14,2016-12-14
sh600612,老凤祥,lfx,1,珠宝首饰,上海,5.23,1992-08-14,142.00,0,0,52311.78,2016-12-14,2016-12-14
sh600613,神奇制药,sqzy,1,医药行业,上海,5.34,1992-08-20,29.00,0,0,53407.16,2016-12-14,2016-12-14
sh600614,鼎立股份,dlgf,1,有色金属,上海,17.5,1992-08-28,163.00,0,33193.04,142084.33,2016-12-14,2016-12-14
sh600615,丰华股份,fhgf,1,金属制品,上海,1.88,1992-09-10,141.00,0,39.60,18762.45,2016-12-14,2016-12-14
sh600616,金枫酒业,jfjy,1,酿酒行业,上海,5.15,1992-09-29,200.00,0,2658.16,48803.76,2016-12-14,2016-12-14
sh600617,国新能源,gxny,1,公用事业,山西,10.8,1992-10-13,222.00,0,74943.25,33523.12,2016-12-14,2016-12-14
sh600618,氯碱化工,ljhg,1,化工行业,上海,11.6,1992-11-13,53.53,0,0,115640.00,2016-12-14,2016-12-14
sh600619,海立股份,hlgf,1,机械行业,上海,8.66,1992-11-16,60.00,0,12157.05,74474.02,2016-12-14,2016-12-14
sh600620,天宸股份,tcgf,1,综合行业,上海,6.87,1992-11-17,76.00,0,0,68667.71,2016-12-14,2016-12-14
sh600621,华鑫股份,hxgf,1,房地产,上海,5.24,1992-12-02,120.00,0,0,52408.24,2016-12-14,2016-12-14
sh600622,嘉宝集团,jbjt,1,房地产,上海,6.83,1992-12-03,160.00,0,16830.22,51430.38,2016-12-14,2016-12-14
sh600623,华谊集团,hyjt,1,化工行业,上海,21.2,1992-12-04,230.00,0,94078.50,117664.59,2016-12-14,2016-12-14
sh600624,复旦复华,fdfh,1,综合行业,上海,6.85,1993-01-05,13.00,0,10140.00,58331.20,2016-12-14,2016-12-14
sh600625,--,--,0,--,上海,2.36,0,14.50,10885.17,0,12754.93,2016-12-14,2016-12-14
sh600626,申达股份,sdgf,1,国际贸易,上海,7.10,1993-01-07,12.00,0,0,71024.28,2016-12-14,2016-12-14
sh600627,--,--,0,--,上海,5.18,0,15.28,0,43380.72,8415.83,2016-12-14,2016-12-14
sh600628,新世界,xsj,1,商业百货,上海,6.47,1993-01-19,48.00,0,11507.61,53179.93,2016-12-14,2016-12-14
sh600629,华建集团,hjjt,1,工程建设,上海,3.59,1993-02-09,12.40,0,1106.04,34799.98,2016-12-14,2016-12-14
sh600630,龙头股份,ltgf,1,纺织服装,上海,4.25,1993-02-09,17.60,0,0,42486.16,2016-12-14,2016-12-14
sh600631,--,--,0,--,上海,11.0,0,84.00,0,0,110102.73,2016-12-14,2016-12-14
sh600632,--,--,0,--,上海,4.23,0,79.98,29813.28,0,12446.71,2016-12-14,2016-12-14
sh600633,浙报传媒,zbcm,1,文化传媒,浙江,11.9,1993-03-04,16.00,0,0,118828.76,2016-12-14,2016-12-14
sh600634,中技控股,zjkg,1,软件服务,上海,5.76,1993-03-04,14.55,0,17775.34,39797.87,2016-12-14,2016-12-14
sh600635,大众公用,dzgy,1,公用事业,上海,29.0,1993-03-04,28.08,0,0,290270.47,2016-12-14,2016-12-14
sh600636,三爱富,saf,1,化工行业,上海,4.47,1993-03-16,13.60,0,2081.02,42613.17,2016-12-14,2016-12-14
sh600637,东方明珠,dfmz,1,文化传媒,上海,26.3,1993-03-16,12.18,0,102469.15,160184.71,2016-12-14,2016-12-14
sh600638,新黄浦,xhp,1,房地产,上海,5.61,1993-03-26,20.88,0,0,56116.40,2016-12-14,2016-12-14
sh600639,浦东金桥,pdjq,1,房地产,上海,11.2,1993-03-26,10.32,0,14707.04,97534.25,2016-12-14,2016-12-14
sh600640,号百控股,hbkg,1,旅游酒店,上海,5.35,1993-04-07,36.00,0,0,53536.45,2016-12-14,2016-12-14
sh600641,万业企业,wyqy,1,房地产,上海,8.06,1993-04-07,21.00,0,0,80615.87,2016-12-14,2016-12-14
sh600642,申能股份,sngf,1,电力行业,上海,45.5,1993-04-16,18.80,0,0,455203.83,2016-12-14,2016-12-14
sh600643,爱建集团,ajjt,1,多元金融,上海,14.4,1993-04-26,42.00,0,311.20,143402.79,2016-12-14,2016-12-14
sh600644,乐山电力,lsdl,1,电力行业,四川,5.38,1993-04-26,37.01,0,21192.05,32648.01,2016-12-14,2016-12-14
sh600645,中源协和,zyxh,1,医药行业,天津,3.86,1993-05-04,33.00,0,3305.92,35303.21,2016-12-14,2016-12-14
sh600646,--,--,0,--,上海,1.80,0,24.50,14932.98,0,3038.01,2016-12-14,2016-12-14
sh600647,同达创业,tdcy,1,综合行业,上海,1.39,1993-05-04,30.00,0,0,13914.36,2016-12-14,2016-12-14
sh600648,外高桥,wgq,1,房地产,上海,11.4,1993-05-04,45.00,0,0,113534.91,2016-12-14,2016-12-14
sh600649,城投控股,ctkg,1,房地产,上海,29.9,1993-05-18,18.88,0,0,298752.35,2016-12-14,2016-12-14
sh600650,锦江投资,jjtz,1,交运物流,上海,5.52,1993-06-07,27.80,0,0,55161.01,2016-12-14,2016-12-14
sh600651,飞乐音响,flyx,1,电子元件,上海,9.92,1990-12-19,320.30,0,22331.50,76862.19,2016-12-14,2016-12-14
sh600652,游久游戏,yjyx,1,电子信息,上海,8.33,1990-12-19,193.00,0,18890.99,64379.36,2016-12-14,2016-12-14
sh600653,申华控股,shkg,1,综合行业,上海,19.5,1990-12-19,327.90,0,20000.00,174638.03,2016-12-14,2016-12-14
sh600654,中安消,zax,1,软件服务,上海,12.8,1990-12-19,323.50,0,52797.78,75504.32,2016-12-14,2016-12-14
sh600655,豫园商城,yysc,1,商业百货,上海,14.4,1992-09-02,30.00,0,0,143732.20,2016-12-14,2016-12-14
sh600656,--,--,0,综合行业,广东,1.90,0,2.60,0,1.53,19032.83,2016-12-14,2016-12-14
sh600657,信达地产,xddc,1,房地产,北京,15.2,1993-05-24,28.50,0,0,152426.04,2016-12-14,2016-12-14
sh600658,电子城,dzc,1,房地产,北京,7.99,1993-05-24,23.00,0,21889.19,58009.74,2016-12-14,2016-12-14
sh600659,--,--,0,--,福建,1.73,0,18.80,12885.17,0,4457.01,2016-12-14,2016-12-14
sh600660,福耀玻璃,fybl,1,玻璃陶瓷,福建,25.1,1993-06-10,44.44,0,0,250861.75,2016-12-14,2016-12-14
sh600661,新南洋,xny,1,文教休闲,上海,2.59,1993-06-14,20.88,0,7767.64,18140.01,2016-12-14,2016-12-14
sh600662,强生控股,qskg,1,交运物流,上海,10.5,1993-06-14,33.70,0,0,105336.22,2016-12-14,2016-12-14
sh600663,陆家嘴,ljz,1,房地产,上海,33.6,1993-06-28,17.88,0,0,336183.12,2016-12-14,2016-12-14
sh600664,哈药股份,hygf,1,医药行业,黑龙江,25.4,1993-06-29,20.19,0,4851.50,249272.83,2016-12-14,2016-12-14
sh600665,天地源,tdy,1,房地产,上海,8.64,1993-07-09,11.80,0,0,86412.25,2016-12-14,2016-12-14
sh600666,奥瑞德,ard,1,电子元件,重庆,7.67,1993-07-12,14.90,0,27038.05,49669.84,2016-12-14,2016-12-14
sh600667,太极实业,tjsy,1,电子元件,江苏,16.9,1993-07-28,9.60,0,50005.65,119127.43,2016-12-14,2016-12-14
sh600668,尖峰集团,jfjt,1,水泥建材,浙江,3.44,1993-07-28,13.49,0,0,34408.38,2016-12-14,2016-12-14
sh600669,--,--,0,--,辽宁,2.42,0,11.00,0,8719.73,15518.90,2016-12-14,2016-12-14
sh600670,--,--,0,--,吉林,1.40,0,17.01,5428.16,0,8605.21,2016-12-14,2016-12-14
sh600671,天目药业,tmyy,1,医药行业,浙江,1.22,1993-08-23,14.52,0,5.84,12172.05,2016-12-14,2016-12-14
sh600672,--,--,0,--,广东,4.59,0,9.67,19237.60,0,26624.00,2016-12-14,2016-12-14
sh600673,东阳光科,dygk,1,有色金属,广东,24.7,1993-09-17,14.50,0,1145.77,245741.62,2016-12-14,2016-12-14
sh600674,川投能源,ctny,1,电力行业,四川,44.0,1993-09-24,11.85,0,0,440214.05,2016-12-14,2016-12-14
sh600675,*ST中企,*STzq,1,房地产,上海,18.7,1993-09-24,20.00,0,0,186705.94,2016-12-14,2016-12-14
sh600676,交运股份,jygf,1,汽车行业,上海,10.3,1993-09-28,12.50,0,16611.90,86237.39,2016-12-14,2016-12-14
sh600677,航天通信,httx,1,航天航空,浙江,5.22,1993-09-28,13.00,0,10536.36,41642.81,2016-12-14,2016-12-14
sh600678,四川金顶,scjd,1,水泥建材,四川,3.49,1993-10-08,27.80,0,0,34899.00,2016-12-14,2016-12-14
sh600679,上海凤凰,shfh,1,文教休闲,上海,4.02,1993-10-08,17.60,0,4395.94,35823.96,2016-12-14,2016-12-14
sh600680,上海普天,shpt,1,通讯行业,上海,3.82,1993-10-18,17.50,0,0,38222.53,2016-12-14,2016-12-14
sh600681,百川能源,bcny,1,公用事业,湖北,9.64,1993-10-18,9.60,0,71482.34,24933.41,2016-12-14,2016-12-14
sh600682,南京新百,njxb,1,商业百货,江苏,8.28,1993-10-18,10.30,0,10217.74,72583.89,2016-12-14,2016-12-14
sh600683,京投发展,jtfz,1,房地产,浙江,7.41,1993-10-25,11.00,0,0,74077.76,2016-12-14,2016-12-14
sh600684,珠江实业,zjsy,1,房地产,广东,7.11,1993-10-28,15.01,0,0,71121.73,2016-12-14,2016-12-14
sh600685,中船防务,zcfw,1,船舶制造,广东,14.1,1993-10-28,6.50,0,27209.93,114140.71,2016-12-14,2016-12-14
sh600686,金龙汽车,jlqc,1,汽车行业,福建,6.07,1993-11-08,9.82,0,16414.14,44259.71,2016-12-14,2016-12-14
sh600687,刚泰控股,gtkg,1,贵金属,甘肃,14.9,1993-11-08,10.00,0,41017.59,107853.94,2016-12-14,2016-12-14
sh600688,上海石化,shsh,1,石油行业,上海,108,1993-11-08,5.20,0,0,1080000.00,2016-12-14,2016-12-14
sh600689,上海三毛,shsm,1,纺织服装,上海,2.01,1993-11-08,10.90,0,0,20099.13,2016-12-14,2016-12-14
sh600690,青岛海尔,qdhe,1,家电行业,山东,61.0,1993-11-19,12.00,0,60621.40,549141.67,2016-12-14,2016-12-14
sh600691,阳煤化工,ymhg,1,化肥行业,山西,17.6,1993-11-19,11.04,0,39.60,175639.09,2016-12-14,2016-12-14
sh600692,亚通股份,ytgf,1,港口水运,上海,3.52,1993-11-19,11.21,0,9675.35,25501.05,2016-12-14,2016-12-14
sh600693,东百集团,dbjt,1,商业百货,福建,8.98,1993-11-22,12.00,0,21339.47,68483.44,2016-12-14,2016-12-14
sh600694,大商股份,dsgf,1,商业百货,辽宁,2.94,1993-11-22,14.88,0,0,29371.87,2016-12-14,2016-12-14
sh600695,绿庭投资,lttz,1,食品行业,上海,7.11,1993-11-22,15.00,0,0,71113.21,2016-12-14,2016-12-14
sh600696,匹凸匹,ptp,1,房地产,上海,3.41,1993-12-06,16.80,0,0,34056.56,2016-12-14,2016-12-14
sh600697,欧亚集团,oyjt,1,商业百货,吉林,1.59,1993-12-06,10.01,0,393.21,15515.60,2016-12-14,2016-12-14
sh600698,湖南天雁,hnty,1,交运设备,湖南,9.72,1993-12-06,15.89,0,31072.57,66109.18,2016-12-14,2016-12-14
sh600699,均胜电子,jsdz,1,汽车行业,浙江,6.89,1993-12-06,7.49,0,0,68936.98,2016-12-14,2016-12-14
sh600700,--,--,0,--,陕西,2.91,0,10.80,13520.68,0,15569.13,2016-12-14,2016-12-14
sh600701,*ST工新,*STgx,1,综合行业,黑龙江,10.3,1996-05-28,7.88,0,53595.33,49878.19,2016-12-14,2016-12-14
sh600702,沱牌舍得,tpsd,1,酿酒行业,四川,3.37,1996-05-24,8.79,0,0,33730.00,2016-12-14,2016-12-14
sh600703,三安光电,sagd,1,电子元件,湖北,40.8,1996-05-28,9.50,0,28581.94,379260.55,2016-12-14,2016-12-14
sh600704,物产中大,wczd,1,国际贸易,浙江,28.7,1996-06-06,10.18,0,197932.47,89179.69,2016-12-14,2016-12-14
sh600705,中航资本,zhzb,1,多元金融,黑龙江,89.8,1996-05-16,10.28,0,135777.46,761855.11,2016-12-14,2016-12-14
sh600706,曲江文旅,qjwl,1,旅游酒店,陕西,1.80,1996-05-16,13.80,0,160.10,17790.87,2016-12-14,2016-12-14
sh600707,彩虹股份,chgf,1,电子元件,陕西,7.37,1996-05-20,6.78,0,72.00,73603.77,2016-12-14,2016-12-14
sh600708,光明地产,gmdc,1,房地产,上海,13.2,1996-06-06,17.49,0,56783.08,75088.92,2016-12-14,2016-12-14
sh600709,--,--,0,--,湖北,4.46,0,9.90,24628.88,0,19968.17,2016-12-14,2016-12-14
sh600710,*ST常林,*STcl,1,专用设备,江苏,13.1,1996-07-01,6.40,0,66646.54,64028.40,2016-12-14,2016-12-14
sh600711,盛屯矿业,stky,1,有色金属,福建,15.0,1996-05-31,10.00,0,4030.50,145674.73,2016-12-14,2016-12-14
sh600712,南宁百货,nnbh,1,商业百货,广西,5.45,1996-06-26,7.37,0,669.59,53795.95,2016-12-14,2016-12-14
sh600713,南京医药,njyy,1,医药行业,江苏,8.97,1996-07-01,7.60,0,20384.49,69358.07,2016-12-14,2016-12-14
sh600714,金瑞矿业,jrky,1,煤炭采选,青海,2.88,1996-06-06,10.38,0,613.67,28203.96,2016-12-14,2016-12-14
sh600715,文投控股,wtkg,1,文化传媒,辽宁,16.5,1996-07-01,8.38,0,120061.70,44851.20,2016-12-14,2016-12-14
sh600716,凤凰股份,fhgf,1,房地产,江苏,9.36,1996-07-02,7.67,0,19546.00,74060.06,2016-12-14,2016-12-14
sh600717,天津港,tjg,1,港口水运,天津,16.7,1996-06-14,10.10,0,0,167476.91,2016-12-14,2016-12-14
sh600718,东软集团,drjt,1,软件服务,辽宁,12.4,1996-06-18,12.39,0,1181.22,123138.55,2016-12-14,2016-12-14
sh600719,大连热电,dlrd,1,电力行业,辽宁,4.05,1996-07-16,15.00,0,0,40459.96,2016-12-14,2016-12-14
sh600720,祁连山,qls,1,水泥建材,甘肃,7.76,1996-07-16,6.30,0,12.76,77616.27,2016-12-14,2016-12-14
sh600721,*ST百花,*STbh,1,煤炭采选,新疆,3.49,1996-06-26,9.29,0,10045.88,24852.43,2016-12-14,2016-12-14
sh600722,金牛化工,jnhg,1,化工行业,河北,6.80,1996-06-26,14.00,0,0,68031.97,2016-12-14,2016-12-14
sh600723,首商股份,ssgf,1,商业百货,北京,6.58,1996-07-16,8.50,0,33.80,65806.96,2016-12-14,2016-12-14
sh600724,宁波富达,nbfd,1,房地产,浙江,14.5,1996-07-16,9.48,0,29.84,144494.27,2016-12-14,2016-12-14
sh600725,*ST云维,*STyw,1,化工行业,云南,6.16,1996-07-02,7.98,0,0,61623.50,2016-12-14,2016-12-14
sh600726,华电能源,hdny,1,电力行业,黑龙江,19.7,1996-07-01,10.20,0,0,196667.52,2016-12-14,2016-12-14
sh600727,鲁北化工,lbhg,1,化肥行业,山东,3.51,1996-07-02,11.93,0,6.00,35092.66,2016-12-14,2016-12-14
sh600728,佳都科技,jdkj,1,软件服务,广东,15.5,1996-07-16,18.00,0,24493.92,130923.53,2016-12-14,2016-12-14
sh600729,重庆百货,zqbh,1,商业百货,重庆,4.07,1996-07-02,9.00,0,10.20,40642.65,2016-12-14,2016-12-14
sh600730,中国高科,zggk,1,房地产,北京,5.87,1996-07-26,14.95,0,0,58665.60,2016-12-14,2016-12-14
sh600731,湖南海利,hnhl,1,农药兽药,湖南,3.27,1996-08-02,11.70,0,7166.10,25565.31,2016-12-14,2016-12-14
sh600732,*ST新梅,*STxm,1,房地产,上海,4.46,1996-08-16,12.00,0,0,44638.31,2016-12-14,2016-12-14
sh600733,S前锋,Sqf,1,房地产,四川,1.98,1996-08-16,10.30,12198.60,0,7560.00,2016-12-14,2016-12-14
sh600734,实达集团,sdjt,1,房地产,福建,5.90,1996-08-08,13.50,0,23913.52,35110.84,2016-12-14,2016-12-14
sh600735,新华锦,xhj,1,国际贸易,山东,3.76,1996-07-26,10.58,0,0,37599.23,2016-12-14,2016-12-14
sh600736,苏州高新,szgx,1,房地产,江苏,11.9,1996-08-15,17.70,0,5534.21,113895.09,2016-12-14,2016-12-14
sh600737,中粮屯河,zlth,1,食品行业,新疆,20.5,1996-07-31,9.00,0,72921.27,132266.35,2016-12-14,2016-12-14
sh600738,兰州民百,lzmb,1,商业百货,甘肃,3.69,1996-08-02,10.00,0,66.90,36819.86,2016-12-14,2016-12-14
sh600739,辽宁成大,lncd,1,商业百货,辽宁,15.3,1996-08-19,13.16,0,16500.00,136470.98,2016-12-14,2016-12-14
sh600740,山西焦化,sxjh,1,煤炭采选,山西,7.66,1996-08-08,10.53,0,10886.72,65683.28,2016-12-14,2016-12-14
sh600741,华域汽车,hyqc,1,汽车行业,上海,31.5,1996-08-26,10.01,0,56952.38,258320.02,2016-12-14,2016-12-14
sh600742,一汽富维,yqfw,1,汽车行业,吉林,4.23,1996-08-26,13.51,0,0,42304.68,2016-12-14,2016-12-14
sh600743,华远地产,hydc,1,房地产,北京,23.5,1996-09-09,15.19,0,0,234610.09,2016-12-14,2016-12-14
sh600744,华银电力,hydl,1,电力行业,湖南,17.8,1996-09-05,15.00,0,95348.99,82763.44,2016-12-14,2016-12-14
sh600745,中茵股份,zygf,1,房地产,湖北,6.37,1996-08-28,8.57,0,15394.60,48332.04,2016-12-14,2016-12-14
sh600746,江苏索普,jssp,1,化工行业,江苏,3.06,1996-09-18,13.00,0,176.05,30466.09,2016-12-14,2016-12-14
sh600747,大连控股,dlkg,1,国际贸易,辽宁,14.6,1996-09-16,13.50,0,40000.00,106432.84,2016-12-14,2016-12-14
sh600748,上实发展,ssfz,1,房地产,上海,18.4,1996-09-25,10.20,0,43618.08,140838.21,2016-12-14,2016-12-14
sh600749,西藏旅游,xcly,1,旅游酒店,西藏,1.89,1996-10-15,9.80,0,0,18913.79,2016-12-14,2016-12-14
sh600750,江中药业,jzyy,1,医药行业,江西,3.00,1996-09-23,10.78,0,0,30000.00,2016-12-14,2016-12-14
sh600751,天海投资,thtz,1,港口水运,天津,29.0,1996-09-09,13.20,0,60200.67,229733.11,2016-12-14,2016-12-14
sh600752,--,--,0,--,黑龙江,3.38,0,15.00,17757.56,0,16088.86,2016-12-14,2016-12-14
sh600753,东方银星,dfyx,1,房地产,河南,1.28,1996-09-27,9.18,0,0,12800.00,2016-12-14,2016-12-14
sh600754,锦江股份,jjgf,1,旅游酒店,上海,9.58,1996-10-11,11.68,0,35469.57,60324.07,2016-12-14,2016-12-14
sh600755,厦门国贸,smgm,1,国际贸易,福建,16.6,1996-10-03,23.70,0,0,166449.75,2016-12-14,2016-12-14
sh600756,浪潮软件,lcrj,1,软件服务,山东,3.24,1996-09-23,12.30,0,4535.15,27874.73,2016-12-14,2016-12-14
sh600757,长江传媒,zjcm,1,文化传媒,湖北,12.1,1996-10-03,18.00,0,15.32,121349.71,2016-12-14,2016-12-14
sh600758,红阳能源,hyny,1,煤炭采选,辽宁,13.3,1996-10-29,17.15,0,106409.22,26886.98,2016-12-14,2016-12-14
sh600759,洲际油气,zjyq,1,石油行业,海南,22.6,1996-10-08,16.04,0,68267.82,158082.93,2016-12-14,2016-12-14
sh600760,*ST黑豹,*SThb,1,汽车行业,山东,3.45,1996-10-11,27.50,0,0,34494.04,2016-12-14,2016-12-14
sh600761,安徽合力,ahhl,1,专用设备,安徽,6.17,1996-10-09,9.98,0,0,61681.73,2016-12-14,2016-12-14
sh600762,--,--,0,--,湖南,1.06,0,12.10,6240.00,0,4326.40,2016-12-14,2016-12-14
sh600763,通策医疗,tcyl,1,医药行业,浙江,3.21,1996-10-30,9.50,0,0,32064.00,2016-12-14,2016-12-14
sh600764,中电广通,zdgt,1,电子信息,北京,3.30,1996-11-04,12.00,0,0,32972.70,2016-12-14,2016-12-14
sh600765,中航重机,zhzj,1,航天航空,贵州,7.78,1996-11-06,10.66,0,0,77800.32,2016-12-14,2016-12-14
sh600766,园城黄金,ychj,1,贵金属,山东,2.24,1996-10-28,10.88,0,29.48,22393.21,2016-12-14,2016-12-14
sh600767,运盛医疗,ysyl,1,软件服务,上海,3.41,1996-11-15,12.92,0,10.00,34091.02,2016-12-14,2016-12-14
sh600768,宁波富邦,nbfb,1,有色金属,浙江,1.34,1996-11-11,11.38,0,0,13374.72,2016-12-14,2016-12-14
sh600769,祥龙电业,xldy,1,工程建设,湖北,3.75,1996-11-01,14.98,0,0,37497.72,2016-12-14,2016-12-14
sh600770,综艺股份,zygf,1,综合行业,江苏,13.0,1996-11-20,15.21,0,19540.00,110460.00,2016-12-14,2016-12-14
sh600771,广誉远,gyy,1,医药行业,青海,2.78,1996-11-05,10.66,0,3400.00,24380.84,2016-12-14,2016-12-14
sh600772,--,--,0,--,上海,2.88,0,17.00,19656.00,0,9097.92,2016-12-14,2016-12-14
sh600773,西藏城投,xcct,1,房地产,西藏,7.29,1996-11-08,15.31,0,3606.60,69314.77,2016-12-14,2016-12-14
sh600774,汉商集团,hsjt,1,商业百货,湖北,1.75,1996-11-08,15.18,0,14.64,17442.90,2016-12-14,2016-12-14
sh600775,南京熊猫,njxm,1,通讯行业,江苏,9.14,1996-11-18,11.00,0,0,91383.85,2016-12-14,2016-12-14
sh600776,东方通信,dftx,1,通讯行业,浙江,12.6,1996-11-26,21.88,0,0,125600.01,2016-12-14,2016-12-14
sh600777,新潮能源,xcny,1,石油行业,山东,40.5,1996-11-21,15.00,0,167462.81,237660.85,2016-12-14,2016-12-14
sh600778,友好集团,yhjt,1,商业百货,新疆,3.11,1996-12-03,12.60,0,40.46,31108.67,2016-12-14,2016-12-14
sh600779,水井坊,sjf,1,酿酒行业,四川,4.89,1996-12-06,14.53,0,0,48854.57,2016-12-14,2016-12-14
sh600780,通宝能源,tbny,1,电力行业,山西,11.5,1996-12-05,15.00,0,0,114650.25,2016-12-14,2016-12-14
sh600781,辅仁药业,fryy,1,医药行业,河南,1.78,1996-12-18,9.97,0,0,17759.29,2016-12-14,2016-12-14
sh600782,新钢股份,xggf,1,钢铁行业,江西,27.9,1996-12-25,12.38,0,0,278689.62,2016-12-14,2016-12-14
sh600783,鲁信创投,lxct,1,综合行业,山东,7.44,1996-12-25,10.00,0,0,74435.93,2016-12-14,2016-12-14
sh600784,鲁银投资,lytz,1,综合行业,山东,5.68,1996-12-25,14.01,0,7156.41,49661.37,2016-12-14,2016-12-14
sh600785,新华百货,xhbh,1,商业百货,宁夏,2.26,1997-01-08,8.88,0,1820.00,20743.13,2016-12-14,2016-12-14
sh600786,--,--,0,--,四川,4.01,0,11.30,0,27316.52,12825.00,2016-12-14,2016-12-14
sh600787,中储股份,zcgf,1,交运物流,天津,22.0,1997-01-21,10.80,0,33997.26,185982.84,2016-12-14,2016-12-14
sh600788,--,--,0,--,陕西,2.87,0,19.00,18192.44,0,10471.50,2016-12-14,2016-12-14
sh600789,鲁抗医药,lkyy,1,医药行业,山东,5.82,1997-02-26,12.80,0,0,58157.55,2016-12-14,2016-12-14
sh600790,轻纺城,qfc,1,商业百货,浙江,10.5,1997-02-28,15.00,0,0,104699.35,2016-12-14,2016-12-14
sh600791,京能置业,jnzy,1,房地产,北京,4.53,1997-01-30,10.48,0,56.63,45231.37,2016-12-14,2016-12-14
sh600792,云煤能源,ymny,1,煤炭采选,云南,9.90,1997-01-23,13.00,0,0,98992.36,2016-12-14,2016-12-14
sh600793,宜宾纸业,ybzy,1,造纸印刷,四川,1.05,1997-02-20,10.88,0,0,10530.00,2016-12-14,2016-12-14
sh600794,保税科技,bskj,1,交运物流,江苏,12.1,1997-03-06,12.50,0,10937.80,110277.42,2016-12-14,2016-12-14
sh600795,国电电力,gddl,1,电力行业,辽宁,197,1997-03-18,22.00,0,0,1965039.78,2016-12-14,2016-12-14
sh600796,钱江生化,qjsh,1,农药兽药,浙江,3.01,1997-04-08,20.50,0,0,30140.21,2016-12-14,2016-12-14
sh600797,浙大网新,zdwx,1,电子信息,浙江,9.14,1997-04-18,15.00,0,9233.13,82171.20,2016-12-14,2016-12-14
sh600798,宁波海运,nbhy,1,港口水运,浙江,10.3,1997-04-23,18.18,0,0,103085.09,2016-12-14,2016-12-14
sh600799,--,--,0,--,黑龙江,3.90,0,14.95,21134.40,0,17850.00,2016-12-14,2016-12-14
sh600800,天津磁卡,tjck,1,电子信息,天津,6.11,1993-12-06,8.88,0,96.00,61031.10,2016-12-14,2016-12-14
sh600801,华新水泥,hxsn,1,水泥建材,湖北,15.0,1994-01-03,10.38,0,0,149757.13,2016-12-14,2016-12-14
sh600802,福建水泥,fjsn,1,水泥建材,福建,3.82,1994-01-03,9.75,0,0,38187.37,2016-12-14,2016-12-14
sh600803,新奥股份,xagf,1,化工行业,河北,9.86,1994-01-03,7.52,0,0,98578.50,2016-12-14,2016-12-14
sh600804,鹏博士,pbs,1,电信运营,四川,14.1,1994-01-03,7.50,0,2445.22,138960.96,2016-12-14,2016-12-14
sh600805,悦达投资,ydtz,1,综合行业,江苏,8.51,1994-01-03,14.80,0,164.12,84925.33,2016-12-14,2016-12-14
sh600806,*ST昆机,*STkj,1,机械行业,云南,5.31,1994-01-03,6.01,0,0,53108.11,2016-12-14,2016-12-14
sh600807,天业股份,tygf,1,房地产,山东,8.85,1994-01-03,8.50,0,24051.50,64411.97,2016-12-14,2016-12-14
sh600808,马钢股份,mggf,1,钢铁行业,安徽,77.0,1994-01-06,4.10,0,0,770068.12,2016-12-14,2016-12-14
sh600809,山西汾酒,sxfj,1,酿酒行业,山西,8.66,1994-01-06,7.21,0,0,86584.83,2016-12-14,2016-12-14
sh600810,神马股份,smgf,1,化纤行业,河南,4.42,1994-01-06,6.80,0,0,44228.00,2016-12-14,2016-12-14
sh600811,东方集团,dfjt,1,综合行业,黑龙江,28.6,1994-01-06,9.80,0,119056.09,166680.54,2016-12-14,2016-12-14
sh600812,华北制药,hbzy,1,医药行业,河北,16.3,1994-01-14,6.00,0,25222.72,137857.76,2016-12-14,2016-12-14
sh600813,--,--,0,--,辽宁,2.58,0,5.98,15840.00,0,9960.00,2016-12-14,2016-12-14
sh600814,杭州解百,hzjb,1,商业百货,浙江,7.15,1994-01-14,14.50,0,40464.37,31038.30,2016-12-14,2016-12-14
sh600815,厦工股份,sggf,1,机械行业,福建,9.59,1994-01-28,14.28,0,0,95897.00,2016-12-14,2016-12-14
sh600816,安信信托,axxt,1,券商信托,上海,17.7,1994-01-28,10.50,0,63461.54,113527.44,2016-12-14,2016-12-14
sh600817,*ST宏盛,*SThs,1,多元金融,陕西,1.61,1994-01-28,15.60,0,523.10,15567.91,2016-12-14,2016-12-14
sh600818,中路股份,zlgf,1,文教休闲,上海,3.21,1994-01-28,11.50,0,0,32144.79,2016-12-14,2016-12-14
sh600819,耀皮玻璃,ypbl,1,玻璃陶瓷,上海,9.35,1994-01-28,16.00,0,7494.34,85997.26,2016-12-14,2016-12-14
sh600820,隧道股份,sdgf,1,工程建设,上海,31.4,1994-01-28,11.00,0,0,314409.61,2016-12-14,2016-12-14
sh600821,津劝业,jqy,1,商业百货,天津,4.16,1994-01-28,8.18,0,0,41626.82,2016-12-14,2016-12-14
sh600822,上海物贸,shwm,1,国际贸易,上海,4.96,1994-02-04,12.58,0,0,49597.29,2016-12-14,2016-12-14
sh600823,世茂股份,smgf,1,房地产,上海,26.8,1994-02-04,12.50,0,21233.57,246707.02,2016-12-14,2016-12-14
sh600824,益民集团,ymjt,1,商业百货,上海,10.5,1994-02-04,15.60,0,0,105402.71,2016-12-14,2016-12-14
sh600825,新华传媒,xhcm,1,文化传媒,上海,10.4,1994-02-04,11.80,0,0,104488.79,2016-12-14,2016-12-14
sh600826,兰生股份,lsgf,1,国际贸易,上海,4.21,1994-02-04,12.51,0,0,42064.23,2016-12-14,2016-12-14
sh600827,百联股份,blgf,1,商业百货,上海,17.8,1994-02-04,12.50,0,6167.24,172249.58,2016-12-14,2016-12-14
sh600828,茂业商业,mysy,1,商业百货,四川,17.3,1994-02-24,6.00,0,116216.53,56981.73,2016-12-14,2016-12-14
sh600829,人民同泰,rmtt,1,医药行业,黑龙江,5.80,1994-02-24,6.80,0,0,57988.86,2016-12-14,2016-12-14
sh600830,香溢融通,xyrt,1,多元金融,浙江,4.54,1994-02-24,7.80,0,0,45432.27,2016-12-14,2016-12-14
sh600831,广电网络,gdwl,1,文化传媒,陕西,6.05,1994-02-24,12.00,0,4152.92,56343.85,2016-12-14,2016-12-14
sh600832,--,--,0,旅游酒店,上海,31.9,0,22.22,0,0,318633.49,2016-12-14,2016-12-14
sh600833,第一医药,dyyy,1,医药行业,上海,2.23,1994-02-24,22.00,0,0,22308.63,2016-12-14,2016-12-14
sh600834,申通地铁,stdt,1,交运物流,上海,4.77,1994-02-24,10.10,0,0,47738.19,2016-12-14,2016-12-14
sh600835,上海机电,shjd,1,机械行业,上海,10.2,1994-02-24,10.50,0,0,102273.93,2016-12-14,2016-12-14
sh600836,界龙实业,jlsy,1,包装材料,上海,6.63,1994-02-24,12.00,0,972.90,65302.41,2016-12-14,2016-12-14
sh600837,海通证券,htzq,1,券商信托,上海,115,1994-02-24,15.80,0,0,1150170.00,2016-12-14,2016-12-14
sh600838,上海九百,shjb,1,商业百货,上海,4.01,1994-02-24,11.00,0,0,40088.20,2016-12-14,2016-12-14
sh600839,四川长虹,sczh,1,家电行业,四川,46.2,1994-03-11,16.80,0,624.64,460999.78,2016-12-14,2016-12-14
sh600840,--,--,0,--,浙江,3.04,0,6.88,0,10889.38,19518.86,2016-12-14,2016-12-14
sh600841,上柴股份,scgf,1,机械行业,上海,8.67,1994-03-11,11.58,0,0,86668.98,2016-12-14,2016-12-14
sh600842,--,--,0,--,上海,2.16,0,13.00,0,8.50,21550.96,2016-12-14,2016-12-14
sh600843,上工申贝,sgsb,1,机械行业,上海,5.49,1994-03-11,11.00,0,0,54858.96,2016-12-14,2016-12-14
sh600844,丹化科技,dhkj,1,化工行业,上海,10.2,1994-03-11,11.27,0,23790.36,77862.06,2016-12-14,2016-12-14
sh600845,宝信软件,bxrj,1,软件服务,上海,7.83,1994-03-11,10.30,0,5628.51,72696.41,2016-12-14,2016-12-14
sh600846,同济科技,tjkj,1,工程建设,上海,6.25,1994-03-11,21.10,0,0,62476.15,2016-12-14,2016-12-14
sh600847,万里股份,wlgf,1,材料行业,重庆,1.53,1994-03-24,16.00,0,0,15328.74,2016-12-14,2016-12-14
sh600848,上海临港,shlg,1,房地产,上海,8.95,1994-03-24,20.50,0,38847.31,50669.90,2016-12-14,2016-12-14
sh600849,--,--,0,--,上海,26.9,0,22.98,0,8.16,268882.89,2016-12-14,2016-12-14
sh600850,华东电脑,hddn,1,电子信息,上海,4.18,1994-03-24,26.98,0,0,41826.84,2016-12-14,2016-12-14
sh600851,海欣股份,hxgf,1,纺织服装,上海,12.1,1994-04-04,25.00,0,0,120705.67,2016-12-14,2016-12-14
sh600852,--,--,0,--,四川,1.64,0,17.50,10800.00,0,5630.86,2016-12-14,2016-12-14
sh600853,龙建股份,ljgf,1,工程建设,黑龙江,5.37,1994-04-04,7.20,0,0,53680.77,2016-12-14,2016-12-14
sh600854,春兰股份,clgf,1,家电行业,江苏,5.19,1994-04-25,13.00,0,0,51945.85,2016-12-14,2016-12-14
sh600855,航天长峰,htzf,1,安防设备,北京,3.32,1994-04-25,5.80,0,150.30,33011.44,2016-12-14,2016-12-14
sh600856,中天能源,ztny,1,石油行业,吉林,11.3,1994-04-25,5.95,0,36330.08,77103.04,2016-12-14,2016-12-14
sh600857,宁波中百,nbzb,1,商业百货,浙江,2.24,1994-04-25,9.25,0,0,22431.99,2016-12-14,2016-12-14
sh600858,银座股份,yzgf,1,商业百货,山东,5.20,1994-05-06,8.18,0,251.86,51754.80,2016-12-14,2016-12-14
sh600859,王府井,wfj,1,商业百货,北京,7.76,1994-05-06,12.00,0,17465.18,60159.85,2016-12-14,2016-12-14
sh600860,京城股份,jcgf,1,机械行业,北京,4.22,1994-05-06,6.80,0,0,42200.00,2016-12-14,2016-12-14
sh600861,北京城乡,bjcx,1,商业百货,北京,3.17,1994-05-20,9.50,0,0,31680.49,2016-12-14,2016-12-14
sh600862,中航高科,zhgk,1,航天航空,江苏,13.9,1994-05-20,6.88,0,75512.06,63792.85,2016-12-14,2016-12-14
sh600863,内蒙华电,nmhd,1,电力行业,内蒙古,58.1,1994-05-20,5.05,0,0,580774.50,2016-12-14,2016-12-14
sh600864,哈投股份,htgf,1,公用事业,黑龙江,21.1,1994-08-09,16.00,0,156213.56,54637.82,2016-12-14,2016-12-14
sh600865,百大集团,bdjt,1,商业百货,浙江,3.76,1994-08-09,11.00,0,0,37624.03,2016-12-14,2016-12-14
sh600866,*ST星湖,*STxh,1,食品行业,广东,6.45,1994-08-18,16.80,0,9500.00,55039.35,2016-12-14,2016-12-14
sh600867,通化东宝,thdb,1,医药行业,吉林,14.2,1994-08-24,18.58,0,5863.10,136330.25,2016-12-14,2016-12-14
sh600868,梅雁吉祥,myjx,1,电力行业,广东,19.0,1994-09-12,21.00,0,0,189814.87,2016-12-14,2016-12-14
sh600869,智慧能源,zhny,1,输配电气,青海,22.2,1995-02-06,8.50,0,23926.60,198008.67,2016-12-14,2016-12-14
sh600870,厦华电子,shdz,1,电子信息,福建,5.23,1995-02-28,11.80,0,0,52319.97,2016-12-14,2016-12-14
sh600871,石化油服,shyf,1,石油行业,北京,141,1995-04-11,2.90,0,922432.77,491833.33,2016-12-14,2016-12-14
sh600872,中炬高新,zjgx,1,食品饮料,广东,7.97,1995-01-24,12.47,0,0,79663.72,2016-12-14,2016-12-14
sh600873,梅花生物,mhsw,1,食品行业,西藏,31.1,1995-02-17,5.50,0,0,310822.66,2016-12-14,2016-12-14
sh600874,创业环保,cyhb,1,公用事业,天津,14.3,1995-06-30,3.12,0,0,142722.84,2016-12-14,2016-12-14
sh600875,东方电气,dfdq,1,输配电气,四川,23.4,1995-10-10,12.98,0,0,233690.04,2016-12-14,2016-12-14
sh600876,洛阳玻璃,lybl,1,玻璃陶瓷,河南,5.27,1995-10-31,16.78,0,2674.86,50001.82,2016-12-14,2016-12-14
sh600877,中国嘉陵,zgjl,1,交运设备,重庆,6.87,1995-10-13,23.23,0,0,68728.20,2016-12-14,2016-12-14
sh600878,--,--,0,--,辽宁,2.84,0,22.98,19579.44,0,8863.63,2016-12-14,2016-12-14
sh600879,航天电子,htdz,1,航天航空,湖北,12.2,1995-11-15,12.50,0,42468.82,79785.40,2016-12-14,2016-12-14
sh600880,博瑞传播,brcb,1,文化传媒,四川,10.9,1995-11-15,12.98,0,35996.70,73336.51,2016-12-14,2016-12-14
sh600881,亚泰集团,ytjt,1,水泥建材,吉林,26.0,1995-11-15,17.87,0,70521.37,189473.21,2016-12-14,2016-12-14
sh600882,广泽股份,gzgf,1,食品饮料,上海,3.99,1995-12-06,8.28,0,0,39923.80,2016-12-14,2016-12-14
sh600883,博闻科技,bwkj,1,水泥建材,云南,2.36,1995-12-08,8.27,0,0,23608.80,2016-12-14,2016-12-14
sh600884,杉杉股份,ssgf,1,纺织服装,浙江,11.2,1996-01-30,11.28,0,30104.85,82171.65,2016-12-14,2016-12-14
sh600885,宏发股份,hfgf,1,电子元件,湖北,5.32,1996-02-05,7.18,0,0,53197.25,2016-12-14,2016-12-14
sh600886,国投电力,gtdl,1,电力行业,北京,67.9,1996-01-18,12.88,0,0,678602.33,2016-12-14,2016-12-14
sh600887,伊利股份,ylgf,1,食品行业,内蒙古,60.6,1996-03-12,9.00,0,3143.09,603336.92,2016-12-14,2016-12-14
sh600888,新疆众和,xjzh,1,电子信息,新疆,6.41,1996-02-15,7.58,0,0,64122.59,2016-12-14,2016-12-14
sh600889,南京化纤,njhx,1,化纤行业,江苏,3.07,1996-03-08,7.50,0,0,30706.93,2016-12-14,2016-12-14
sh600890,中房股份,zfgf,1,金属制品,北京,5.79,1996-03-18,7.00,0,0,57919.49,2016-12-14,2016-12-14
sh600891,秋林集团,qljt,1,商业百货,黑龙江,6.18,1996-03-25,7.50,0,23353.08,38405.51,2016-12-14,2016-12-14
sh600892,大晟文化,dcwh,1,文化传媒,广东,1.40,1996-03-15,7.00,0,7696.67,6289.94,2016-12-14,2016-12-14
sh600893,中航动力,zhdl,1,航天航空,陕西,19.5,1996-04-08,8.43,0,58121.79,136750.09,2016-12-14,2016-12-14
sh600894,广日股份,grgf,1,专用设备,广东,8.60,1996-03-28,5.90,0,0,85994.69,2016-12-14,2016-12-14
sh600895,张江高科,zjgk,1,房地产,上海,15.5,1996-04-22,22.90,0,0,154868.96,2016-12-14,2016-12-14
sh600896,览海投资,lhtz,1,港口水运,海南,8.73,1996-05-03,8.00,0,29197.08,58131.58,2016-12-14,2016-12-14
sh600897,厦门空港,smkg,1,民航机场,福建,2.98,1996-05-31,12.09,0,0,29781.00,2016-12-14,2016-12-14
sh600898,三联商社,slss,1,商业百货,山东,2.53,1996-04-18,6.75,0,0,25252.38,2016-12-14,2016-12-14
sh600899,--,--,0,--,浙江,1.78,0,8.80,12320.00,0,5430.55,2016-12-14,2016-12-14
sh600900,长江电力,zjdl,1,电力行业,北京,220,2003-11-18,6.23,0,1225405.85,974594.15,2016-12-14,2016-12-14
sh600908,无锡银行,wxyx,1,银行,江苏,18.5,2016-09-23,5.36,0,166330.33,18481.15,2016-12-14,2016-12-14
sh600909,华安证券,hazq,1,券商信托,安徽,36.2,2016-12-06,7.69,0,282100.00,80000.00,2016-12-14,2016-12-14
sh600917,重庆燃气,zqrq,1,公用事业,重庆,15.6,2014-09-30,4.68,0,140000.00,15600.00,2016-12-14,2016-12-14
sh600919,江苏银行,jsyx,1,银行,江苏,115,2016-08-02,7.52,0,1039000.00,115445.00,2016-12-14,2016-12-14
sh600926,杭州银行,hzyx,1,银行,浙江,26.2,2016-10-27,17.27,0,235569.92,26175.00,2016-12-14,2016-12-14
sh600936,广西广电,gxgd,1,文化传媒,广西,16.7,2016-08-15,5.76,0,137102.62,30000.00,2016-12-14,2016-12-14
sh600958,东方证券,dfzq,1,券商信托,上海,62.2,2015-03-23,12.04,0,206221.72,415323.48,2016-12-14,2016-12-14
sh600959,江苏有线,jsyx,1,文化传媒,江苏,38.8,2015-04-28,6.56,0,248835.14,139617.84,2016-12-14,2016-12-14
sh600960,渤海活塞,bhhs,1,机械行业,山东,5.25,2004-04-07,16.01,0,1190.70,51281.24,2016-12-14,2016-12-14
sh600961,株冶集团,zyjt,1,有色金属,湖南,5.27,2004-08-30,4.58,0,0,52745.79,2016-12-14,2016-12-14
sh600962,国投中鲁,gtzl,1,食品行业,北京,2.62,2004-06-22,8.21,0,819.00,25402.00,2016-12-14,2016-12-14
sh600963,岳阳林纸,yylz,1,造纸印刷,湖南,10.4,2004-05-25,7.77,0,0,104315.91,2016-12-14,2016-12-14
sh600965,福成股份,fcgf,1,农牧饲渔,河北,8.19,2004-07-13,5.22,0,29069.77,52800.33,2016-12-14,2016-12-14
sh600966,博汇纸业,bhzy,1,造纸印刷,山东,13.4,2004-06-08,12.51,0,0,133684.43,2016-12-14,2016-12-14
sh600967,北方创业,bfcy,1,机械行业,内蒙古,8.23,2004-05-18,10.00,0,0,82282.80,2016-12-14,2016-12-14
sh600969,郴电国际,cdgj,1,电力行业,湖南,2.64,2004-04-08,12.92,0,0,26432.18,2016-12-14,2016-12-14
sh600970,中材国际,zcgj,1,水泥建材,江苏,17.5,2005-04-12,16.01,0,11431.20,163994.59,2016-12-14,2016-12-14
sh600971,恒源煤电,hymd,1,煤炭采选,安徽,10.0,2004-08-17,15.75,0,0,100000.41,2016-12-14,2016-12-14
sh600973,宝胜股份,bsgf,1,输配电气,江苏,9.05,2004-08-02,9.00,0,24227.50,66299.35,2016-12-14,2016-12-14
sh600975,新五丰,xwf,1,农牧饲渔,湖南,6.53,2004-06-09,15.00,0,18395.53,46872.03,2016-12-14,2016-12-14
sh600976,健民集团,jmjt,1,医药行业,湖北,1.53,2004-04-19,15.68,0,14.06,15325.80,2016-12-14,2016-12-14
sh600977,中国电影,zgdy,1,文化传媒,北京,18.7,2016-08-09,10.70,0,140000.00,46700.00,2016-12-14,2016-12-14
sh600978,宜华生活,yhsh,1,木业家具,广东,14.8,2004-08-24,6.68,0,0,148287.00,2016-12-14,2016-12-14
sh600979,广安爱众,gaaz,1,公用事业,四川,9.48,2004-09-06,5.67,0,23000.00,71789.21,2016-12-14,2016-12-14
sh600980,北矿科技,bkkj,1,机械行业,北京,1.52,2004-05-12,12.13,0,888.40,14332.59,2016-12-14,2016-12-14
sh600981,汇鸿集团,hhjt,1,国际贸易,江苏,22.4,2004-06-30,8.00,0,200057.86,24185.46,2016-12-14,2016-12-14
sh600982,宁波热电,nbrd,1,电力行业,浙江,7.47,2004-07-06,9.00,0,7080.00,67613.00,2016-12-14,2016-12-14
sh600983,惠而浦,hep,1,家电行业,安徽,7.66,2004-07-27,4.88,0,23363.90,53280.00,2016-12-14,2016-12-14
sh600984,建设机械,jsjx,1,机械行业,陕西,6.37,2004-07-07,8.85,0,11546.68,52129.74,2016-12-14,2016-12-14
sh600985,雷鸣科化,lmkh,1,化工行业,安徽,2.63,2004-04-28,10.01,0,0,26285.47,2016-12-14,2016-12-14
sh600986,科达股份,kdgf,1,工程建设,山东,8.69,2004-04-26,12.08,0,41651.31,45237.33,2016-12-14,2016-12-14
sh600987,航民股份,hmgf,1,纺织服装,浙江,6.35,2004-08-09,7.51,0,0,63531.00,2016-12-14,2016-12-14
sh600988,赤峰黄金,cfhj,1,贵金属,内蒙古,7.13,2004-04-14,15.30,0,10284.87,61034.20,2016-12-14,2016-12-14
sh600990,四创电子,scdz,1,电子元件,安徽,1.37,2004-05-10,18.80,0,0,13670.20,2016-12-14,2016-12-14
sh600991,--,--,0,汽车行业,湖南,5.21,0,15.18,0,0,52087.14,2016-12-14,2016-12-14
sh600992,贵绳股份,gsgf,1,金属制品,贵州,2.45,2004-05-14,9.01,0,0,24509.00,2016-12-14,2016-12-14
sh600993,马应龙,myl,1,医药行业,湖北,4.31,2004-05-17,23.22,0,81.76,43023.63,2016-12-14,2016-12-14
sh600995,文山电力,wsdl,1,电力行业,云南,4.79,2004-06-15,13.37,0,0,47852.64,2016-12-14,2016-12-14
sh600996,贵广网络,ggwl,0,文化传媒,贵州,8.33,0,0,0,83256.84,0,2016-12-14,2016-12-14
sh600997,开滦股份,klgf,1,煤炭采选,河北,12.3,2004-06-02,10.80,0,0,123464.00,2016-12-14,2016-12-14
sh600998,九州通,jzt,1,医药行业,湖北,16.5,2010-11-02,18.25,0,20500.56,144201.92,2016-12-14,2016-12-14
sh600999,招商证券,zszq,1,券商信托,广东,67.0,2009-11-17,35.01,0,100503.57,569438.66,2016-12-14,2016-12-14
sh601000,唐山港,tsg,1,港口水运,河北,40.5,2010-07-05,8.00,0,3130.43,401588.49,2016-12-14,2016-12-14
sh601001,大同煤业,dtmy,1,煤炭采选,山西,16.7,2006-06-23,9.96,0,0,167370.00,2016-12-14,2016-12-14
sh601002,晋亿实业,jysy,1,机械行业,浙江,7.93,2007-01-26,8.13,0,0,79269.00,2016-12-14,2016-12-14
sh601003,柳钢股份,lggf,1,钢铁行业,广西,25.6,2007-02-27,15.85,0,0,256279.32,2016-12-14,2016-12-14
sh601005,重庆钢铁,zqgt,1,钢铁行业,重庆,44.4,2007-02-28,5.50,0,0,443602.26,2016-12-14,2016-12-14
sh601006,大秦铁路,dqtl,1,交运物流,山西,149,2006-08-01,6.39,0,0,1486679.15,2016-12-14,2016-12-14
sh601007,金陵饭店,jlfd,1,旅游酒店,江苏,3.00,2007-04-06,8.50,0,0,30000.00,2016-12-14,2016-12-14
sh601008,连云港,lyg,1,港口水运,江苏,10.2,2007-04-26,15.26,0,20358.00,81163.51,2016-12-14,2016-12-14
sh601009,南京银行,njyx,1,银行,江苏,60.6,2007-07-19,19.20,0,29478.91,576393.09,2016-12-14,2016-12-14
sh601010,文峰股份,wfgf,1,商业百货,江苏,18.5,2011-06-03,18.05,0,0,184800.00,2016-12-14,2016-12-14
sh601011,宝泰隆,btl,1,煤炭采选,黑龙江,13.7,2011-03-09,27.11,0,5875.44,130874.56,2016-12-14,2016-12-14
sh601012,隆基股份,ljgf,1,材料行业,陕西,19.8,2012-04-11,19.51,0,23498.15,174921.72,2016-12-14,2016-12-14
sh601015,陕西黑猫,sxhm,1,煤炭采选,陕西,9.30,2014-11-05,7.38,0,48600.00,44400.00,2016-12-14,2016-12-14
sh601016,节能风电,jnfd,1,输配电气,北京,20.8,2014-09-29,2.60,0,126000.00,81778.00,2016-12-14,2016-12-14
sh601018,宁波港,nbg,1,港口水运,浙江,132,2010-09-28,3.72,0,37284.78,1280000.00,2016-12-14,2016-12-14
sh601020,华钰矿业,hyky,1,有色金属,西藏,5.26,2016-03-16,8.62,0,47367.66,5200.00,2016-12-14,2016-12-14
sh601021,春秋航空,cqhk,1,民航机场,上海,8.01,2015-01-21,21.79,0,60058.00,20000.00,2016-12-14,2016-12-14
sh601028,玉龙股份,ylgf,1,金属制品,江苏,7.85,2011-11-07,13.50,0,163.90,78302.58,2016-12-14,2016-12-14
sh601038,一拖股份,ytgf,1,机械行业,河南,9.96,2012-08-08,8.05,0,0,99590.00,2016-12-14,2016-12-14
sh601058,赛轮金宇,sljy,1,汽车行业,山东,22.9,2011-06-30,10.15,0,7741.80,221651.92,2016-12-14,2016-12-14
sh601069,西部黄金,xbhj,1,贵金属,新疆,6.36,2015-01-22,4.28,0,44625.00,18975.00,2016-12-14,2016-12-14
sh601088,中国神华,zgsh,1,煤炭采选,北京,199,2007-10-09,68.00,0,0,1988962.05,2016-12-14,2016-12-14
sh601098,中南传媒,zncm,1,文化传媒,湖南,18.0,2010-10-28,14.03,0,0,179600.00,2016-12-14,2016-12-14
sh601099,太平洋,tpy,1,券商信托,云南,68.2,2007-12-28,46.00,0,33750.00,647881.64,2016-12-14,2016-12-14
sh601100,恒立液压,hlyy,1,机械行业,江苏,6.30,2011-10-28,23.00,0,38272.50,24727.50,2016-12-14,2016-12-14
sh601101,昊华能源,hhny,1,煤炭采选,北京,12.0,2010-03-31,41.00,0,0,119999.83,2016-12-14,2016-12-14
sh601106,中国一重,zgyz,1,机械行业,黑龙江,65.4,2010-02-09,5.48,0,0,653800.00,2016-12-14,2016-12-14
sh601107,四川成渝,sccy,1,高速公路,四川,30.6,2009-07-27,7.60,0,0,305806.00,2016-12-14,2016-12-14
sh601111,中国国航,zggh,1,民航机场,北京,131,2006-08-18,2.78,0,0,1308475.10,2016-12-14,2016-12-14
sh601113,华鼎股份,hdgf,1,化纤行业,浙江,8.33,2011-05-09,13.40,0,19305.00,64000.00,2016-12-14,2016-12-14
sh601116,三江购物,sjgw,1,商业百货,浙江,4.11,2011-03-02,19.11,0,886.57,40189.31,2016-12-14,2016-12-14
sh601117,中国化学,zghx,1,工程建设,北京,49.3,2010-01-07,5.76,0,0,493300.00,2016-12-14,2016-12-14
sh601118,海南橡胶,hnxj,1,塑胶制品,海南,39.3,2011-01-07,9.53,0,0,393117.16,2016-12-14,2016-12-14
sh601126,四方股份,sfgf,1,输配电气,北京,8.13,2010-12-31,28.22,0,0,81317.20,2016-12-14,2016-12-14
sh601127,小康股份,xkgf,1,汽车行业,重庆,8.93,2016-06-15,6.97,0,75000.00,14250.00,2016-12-14,2016-12-14
sh601128,常熟银行,csyx,1,银行,江苏,22.2,2016-09-30,5.14,0,200045.52,22227.28,2016-12-14,2016-12-14
sh601137,博威合金,bwhj,1,有色金属,浙江,6.27,2011-01-27,25.50,0,19721.97,43000.00,2016-12-14,2016-12-14
sh601139,深圳燃气,szrq,1,公用事业,广东,22.1,2009-12-25,13.22,0,3017.40,218195.02,2016-12-14,2016-12-14
sh601155,新城控股,xckg,1,房地产,江苏,22.6,2015-12-04,22.80,0,155430.00,70468.42,2016-12-14,2016-12-14
sh601158,重庆水务,zqsw,1,公用事业,重庆,48.0,2010-03-29,10.99,0,0,480000.00,2016-12-14,2016-12-14
sh601163,三角轮胎,sjlt,1,塑胶制品,山东,8.00,2016-09-09,26.48,0,60000.00,20000.00,2016-12-14,2016-12-14
sh601166,兴业银行,xyyx,1,银行,福建,191,2007-02-05,24.80,0,0,1905233.68,2016-12-14,2016-12-14
sh601168,西部矿业,xbky,1,有色金属,青海,23.8,2007-07-12,35.00,0,0,238300.00,2016-12-14,2016-12-14
sh601169,北京银行,bjyx,1,银行,北京,152,2007-09-19,23.00,0,0,1520667.57,2016-12-14,2016-12-14
sh601177,杭齿前进,hcqj,1,机械行业,浙江,4.00,2010-10-11,15.88,0,0,40006.00,2016-12-14,2016-12-14
sh601179,中国西电,zgxd,1,输配电气,陕西,51.3,2010-01-28,8.02,0,0,512588.24,2016-12-14,2016-12-14
sh601186,中国铁建,zgtj,1,工程建设,北京,136,2008-03-10,11.00,0,0,1357954.15,2016-12-14,2016-12-14
sh601188,龙江交通,ljjt,1,高速公路,黑龙江,13.2,2010-03-19,4.75,0,0,131587.86,2016-12-14,2016-12-14
sh601198,东兴证券,dxzq,1,券商信托,北京,27.6,2015-02-26,11.02,0,185396.07,90400.00,2016-12-14,2016-12-14
sh601199,江南水务,jnsw,1,公用事业,江苏,9.35,2011-03-17,21.51,0,0,93520.00,2016-12-14,2016-12-14
sh601206,海尔施,hes,0,医疗行业,浙江,2.07,0,0,0,20700.00,0,2016-12-14,2016-12-14
sh601208,东材科技,dckj,1,材料行业,四川,6.26,2011-05-20,21.22,0,0,62600.10,2016-12-14,2016-12-14
sh601211,国泰君安,gtja,1,券商信托,上海,76.3,2015-06-26,23.65,0,285099.08,477400.92,2016-12-14,2016-12-14
sh601216,君正集团,jzjt,1,化工行业,内蒙古,84.4,2011-02-22,26.01,0,106521.74,737280.00,2016-12-14,2016-12-14
sh601218,吉鑫科技,jxkj,1,输配电气,江苏,9.92,2011-05-06,19.26,0,0,99176.00,2016-12-14,2016-12-14
sh601222,林洋能源,lyny,1,仪器仪表,江苏,17.4,2011-08-08,22.00,0,31942.63,142310.55,2016-12-14,2016-12-14
sh601225,陕西煤业,sxmy,1,煤炭采选,陕西,100,2014-01-28,4.80,